Wavelength,Intensity0
299.56906,1058
299.60548,1046
299.6419,1056
299.67832,1048
299.71474,1050
299.75116,1056
299.78758,1056
299.824,1054
299.86042,1058
299.89684,1058
299.93326,1052
299.96968,1062
300.0061,1062
300.04252,1060
300.07894,1062
300.11536,1060
300.15178,1056
300.1882,1060
300.22462,1060
300.26104,1054
300.29746,1058
300.33388,1078
300.3703,1056
300.40672,1056
300.44314,1054
300.47956,1050
300.51598,1058
300.5524,1054
300.58882,1058
300.62524,1052
300.66166,1066
300.69808,1064
300.7345,1062
300.77092,1062
300.80734,1054
300.84376,1068
300.88018,1054
300.9166,1050
300.95302,1058
300.98944,1056
301.02586,1058
301.06228,1060
301.0987,1048
301.13512,1058
301.17154,1058
301.20796,1062
301.24438,1054
301.2808,1054
301.31722,1056
301.35364,1052
301.39006,1058
301.42648,1066
301.4629,1064
301.49932,1058
301.53574,1058
301.57216,1054
301.60858,1056
301.645,1062
301.68142,1056
301.71784,1054
301.75426,1060
301.79068,1064
301.8271,1066
301.86352,1064
301.89994,1058
301.93636,1058
301.97278,1064
302.0092,1068
302.04562,1058
302.08204,1064
302.11846,1056
302.15488,1054
302.1913,1066
302.22772,1052
302.26414,1068
302.30056,1056
302.33698,1058
302.3734,1058
302.40982,1060
302.44624,1076
302.48266,1060
302.51908,1048
302.5555,1054
302.59192,1056
302.62834,1072
302.66476,1076
302.70118,1060
302.7376,1058
302.77402,1064
302.81044,1056
302.84686,1066
302.88328,1066
302.9197,1054
302.95612,1060
302.99254,1050
303.02896,1062
303.06538,1064
303.1018,1054
303.13822,1072
303.17464,1064
303.21106,1050
303.24748,1052
303.2839,1056
303.32032,1048
303.35674,1052
303.39316,1054
303.42958,1062
303.466,1062
303.50242,1060
303.53884,1048
303.57526,1072
303.61168,1058
303.6481,1062
303.68452,1064
303.72094,1070
303.75736,1066
303.79378,1072
303.8302,1066
303.86662,1070
303.90304,1052
303.93946,1054
303.97588,1048
304.0123,1062
304.04872,1064
304.08514,1052
304.12156,1066
304.15798,1058
304.1944,1054
304.23082,1060
304.26724,1076
304.30366,1050
304.34008,1056
304.3765,1078
304.41292,1058
304.44934,1066
304.48576,1068
304.52218,1058
304.5586,1068
304.59502,1056
304.63144,1068
304.66786,1066
304.70428,1056
304.7407,1054
304.77712,1058
304.81354,1066
304.84996,1064
304.88638,1064
304.9228,1064
304.95922,1060
304.99564,1058
305.03206,1068
305.06848,1064
305.1049,1058
305.14132,1066
305.17774,1066
305.21416,1060
305.25058,1052
305.287,1052
305.32342,1070
305.35984,1052
305.39626,1060
305.43268,1058
305.4691,1056
305.50552,1060
305.54194,1074
305.57836,1064
305.61478,1052
305.6512,1058
305.68762,1060
305.72404,1076
305.76046,1068
305.79688,1056
305.8333,1060
305.86972,1068
305.90614,1064
305.94256,1050
305.97898,1052
306.0154,1058
306.05182,1062
306.08824,1068
306.12466,1056
306.16108,1060
306.1975,1056
306.23392,1062
306.27034,1078
306.30676,1054
306.34318,1066
306.3796,1064
306.41602,1062
306.45244,1056
306.48886,1066
306.52528,1048
306.5617,1056
306.59812,1066
306.63454,1054
306.67096,1064
306.70738,1074
306.7438,1058
306.78022,1066
306.81664,1052
306.85306,1054
306.88948,1060
306.9259,1070
306.96232,1056
306.99874,1060
307.03516,1066
307.07158,1066
307.108,1066
307.14442,1064
307.18084,1058
307.21726,1060
307.25368,1066
307.2901,1064
307.32652,1062
307.36294,1060
307.39936,1060
307.43578,1050
307.4722,1060
307.50862,1062
307.54504,1054
307.58146,1056
307.61788,1066
307.6543,1074
307.69072,1058
307.72714,1056
307.76356,1064
307.79998,1054
307.8364,1044
307.87282,1060
307.90924,1066
307.94566,1064
307.98208,1064
308.0185,1062
308.05492,1064
308.09134,1072
308.12776,1052
308.16418,1068
308.2006,1062
308.23702,1058
308.27344,1060
308.30986,1070
308.34628,1068
308.3827,1074
308.41912,1066
308.45554,1068
308.49196,1066
308.52838,1060
308.5648,1064
308.60122,1068
308.63764,1062
308.67406,1066
308.71048,1066
308.7469,1060
308.78332,1062
308.81974,1056
308.85616,1062
308.89258,1066
308.929,1064
308.96542,1064
309.00184,1050
309.03826,1058
309.07468,1064
309.1111,1064
309.14752,1058
309.18394,1062
309.22036,1070
309.25678,1060
309.2932,1058
309.32962,1056
309.36604,1054
309.40246,1058
309.43888,1064
309.4753,1072
309.51172,1064
309.54814,1064
309.58456,1056
309.62098,1064
309.6574,1058
309.69382,1058
309.73024,1070
309.76666,1058
309.80308,1064
309.8395,1062
309.87592,1064
309.91234,1062
309.94876,1070
309.98518,1054
310.0216,1054
310.05802,1058
310.09444,1060
310.13086,1054
310.16728,1056
310.2037,1062
310.24012,1072
310.27654,1070
310.31296,1080
310.34938,1070
310.3858,1056
310.42222,1058
310.45864,1064
310.49506,1058
310.53148,1062
310.5679,1072
310.60432,1064
310.64074,1074
310.67716,1068
310.71358,1054
310.75,1060
310.78642,1054
310.82284,1066
310.85926,1058
310.89568,1054
310.9321,1070
310.96852,1052
311.00494,1060
311.04136,1078
311.07778,1060
311.1142,1070
311.15062,1068
311.18704,1072
311.22346,1062
311.25988,1068
311.2963,1056
311.33272,1068
311.36914,1074
311.40556,1062
311.44198,1072
311.4784,1062
311.51482,1066
311.55124,1072
311.58766,1062
311.62408,1066
311.6605,1054
311.69692,1076
311.73334,1074
311.76976,1058
311.80618,1054
311.8426,1072
311.87902,1082
311.91544,1086
311.95186,1066
311.98828,1070
312.0247,1064
312.06112,1068
312.09754,1074
312.13396,1070
312.17038,1060
312.2068,1070
312.24322,1062
312.27964,1072
312.31606,1058
312.35248,1052
312.3889,1060
312.42532,1068
312.46174,1060
312.49816,1076
312.53458,1070
312.571,1064
312.60742,1068
312.64384,1066
312.68026,1058
312.71668,1070
312.7531,1058
312.78952,1064
312.82594,1070
312.86236,1060
312.89878,1062
312.9352,1072
312.97162,1072
313.00804,1070
313.04446,1066
313.08088,1062
313.1173,1078
313.15372,1062
313.19014,1066
313.22656,1070
313.26298,1076
313.2994,1058
313.33582,1072
313.37224,1084
313.40866,1064
313.44508,1070
313.4815,1060
313.51792,1068
313.55434,1050
313.59076,1066
313.62718,1064
313.6636,1068
313.70002,1068
313.73644,1068
313.77286,1082
313.80928,1062
313.8457,1074
313.88212,1066
313.91854,1062
313.95496,1060
313.99138,1064
314.0278,1064
314.06422,1066
314.10064,1084
314.13706,1066
314.17348,1054
314.2099,1066
314.24632,1070
314.28274,1062
314.31916,1064
314.35558,1066
314.392,1070
314.42842,1064
314.46484,1062
314.50126,1066
314.53768,1056
314.5741,1068
314.61052,1074
314.64694,1072
314.68336,1060
314.71978,1072
314.7562,1078
314.79262,1070
314.82904,1060
314.86546,1058
314.90188,1068
314.9383,1066
314.97472,1064
315.01114,1058
315.04756,1056
315.08398,1076
315.1204,1062
315.15682,1066
315.19324,1056
315.22966,1058
315.26608,1066
315.3025,1060
315.33892,1074
315.37534,1068
315.41176,1072
315.44818,1068
315.4846,1064
315.52102,1066
315.55744,1066
315.59386,1072
315.63028,1072
315.6667,1070
315.70312,1058
315.73954,1060
315.77596,1060
315.81238,1074
315.8488,1056
315.88522,1058
315.92164,1074
315.95806,1064
315.99448,1060
316.0309,1064
316.06732,1062
316.10374,1072
316.14016,1058
316.17658,1068
316.213,1080
316.24942,1062
316.28584,1072
316.32226,1064
316.35868,1058
316.3951,1064
316.43152,1066
316.46794,1062
316.50436,1066
316.54078,1066
316.5772,1070
316.61362,1068
316.65004,1062
316.68646,1060
316.72288,1058
316.7593,1060
316.79572,1062
316.83214,1066
316.86856,1070
316.90498,1064
316.9414,1076
316.97782,1074
317.01424,1072
317.05066,1070
317.08708,1074
317.1235,1062
317.15992,1064
317.19634,1062
317.23276,1060
317.26918,1068
317.3056,1058
317.34202,1062
317.37844,1058
317.41486,1066
317.45128,1062
317.4877,1072
317.52412,1070
317.56054,1064
317.59696,1056
317.63338,1060
317.6698,1072
317.70622,1082
317.74264,1074
317.77906,1058
317.81548,1052
317.8519,1066
317.88832,1082
317.92474,1068
317.96116,1058
317.99758,1064
318.034,1066
318.07042,1070
318.10684,1086
318.14326,1078
318.17968,1066
318.2161,1076
318.25252,1060
318.28894,1062
318.32536,1066
318.36178,1062
318.3982,1062
318.43462,1062
318.47104,1056
318.50746,1054
318.54388,1066
318.5803,1060
318.61672,1062
318.65314,1064
318.68956,1086
318.72598,1072
318.7624,1072
318.79882,1068
318.83524,1060
318.87166,1070
318.90808,1078
318.9445,1074
318.98092,1074
319.01734,1072
319.05376,1072
319.09018,1066
319.1266,1076
319.16302,1062
319.19944,1066
319.23586,1068
319.27228,1066
319.3087,1078
319.34512,1070
319.38154,1066
319.41796,1062
319.45438,1062
319.4908,1062
319.52722,1070
319.56364,1068
319.60006,1066
319.63648,1062
319.6729,1072
319.70932,1064
319.74574,1064
319.78216,1070
319.81858,1066
319.855,1056
319.89142,1068
319.92784,1060
319.96426,1060
320.00068,1074
320.0371,1066
320.07352,1072
320.10994,1070
320.14636,1066
320.18278,1064
320.2192,1062
320.25562,1064
320.29204,1062
320.32846,1070
320.36488,1064
320.4013,1064
320.43772,1078
320.47414,1054
320.51056,1060
320.54698,1064
320.5834,1062
320.61982,1062
320.65624,1078
320.69266,1066
320.72908,1068
320.7655,1058
320.80192,1076
320.83834,1066
320.87476,1058
320.91118,1058
320.9476,1060
320.98402,1070
321.02044,1070
321.05686,1064
321.09328,1062
321.1297,1064
321.16612,1072
321.20254,1060
321.23896,1072
321.27538,1072
321.3118,1066
321.34822,1052
321.38464,1068
321.42106,1062
321.45748,1058
321.4939,1066
321.53032,1066
321.56674,1074
321.60316,1056
321.63958,1058
321.676,1060
321.71242,1072
321.74884,1076
321.78526,1068
321.82168,1070
321.8581,1066
321.89452,1066
321.93094,1054
321.96736,1072
322.00378,1070
322.0402,1084
322.07662,1060
322.11304,1058
322.14946,1070
322.18588,1058
322.2223,1064
322.25872,1072
322.29514,1062
322.33156,1058
322.36798,1078
322.4044,1068
322.44082,1058
322.47724,1074
322.51366,1068
322.55008,1052
322.5865,1066
322.62292,1064
322.65934,1068
322.69576,1068
322.73218,1062
322.7686,1072
322.80502,1068
322.84144,1072
322.87786,1060
322.91428,1068
322.9507,1072
322.98712,1072
323.02354,1066
323.05996,1054
323.09638,1054
323.1328,1066
323.16922,1066
323.20564,1060
323.24206,1068
323.27848,1070
323.3149,1064
323.35132,1066
323.38774,1072
323.42416,1070
323.46058,1060
323.497,1062
323.53342,1066
323.56984,1084
323.60626,1052
323.64268,1064
323.6791,1076
323.71552,1072
323.75194,1068
323.78836,1058
323.82478,1068
323.8612,1072
323.89762,1072
323.93404,1066
323.97046,1066
324.00688,1066
324.0433,1068
324.07972,1056
324.11614,1062
324.15256,1078
324.18898,1068
324.2254,1068
324.26182,1066
324.29824,1060
324.33466,1072
324.37108,1076
324.4075,1062
324.44392,1066
324.48034,1072
324.51676,1070
324.55318,1062
324.5896,1072
324.62602,1072
324.66244,1070
324.69886,1068
324.73528,1066
324.7717,1070
324.80812,1064
324.84454,1066
324.88096,1072
324.91738,1068
324.9538,1066
324.99022,1066
325.02664,1066
325.06306,1066
325.09948,1064
325.1359,1064
325.17232,1070
325.20874,1062
325.24516,1066
325.28158,1062
325.318,1058
325.35442,1058
325.39084,1066
325.42726,1058
325.46368,1066
325.5001,1062
325.53652,1064
325.57294,1066
325.60936,1062
325.64578,1058
325.6822,1064
325.71862,1058
325.75504,1074
325.79146,1054
325.82788,1056
325.8643,1066
325.90072,1066
325.93714,1062
325.97356,1068
326.00998,1062
326.0464,1068
326.08282,1052
326.11924,1078
326.15566,1070
326.19208,1058
326.2285,1066
326.26492,1056
326.30134,1076
326.33776,1066
326.37418,1074
326.4106,1052
326.44702,1060
326.48344,1054
326.51986,1064
326.55628,1066
326.5927,1072
326.62912,1058
326.66554,1054
326.70196,1070
326.73838,1066
326.7748,1070
326.81122,1062
326.84764,1064
326.88406,1066
326.92048,1066
326.9569,1062
326.99332,1068
327.02974,1060
327.06616,1062
327.10258,1070
327.139,1062
327.17542,1078
327.21184,1072
327.24826,1058
327.28468,1068
327.3211,1066
327.35752,1066
327.39394,1056
327.43036,1068
327.46678,1062
327.5032,1058
327.53962,1054
327.57604,1058
327.61246,1072
327.64888,1056
327.6853,1064
327.72172,1058
327.75814,1086
327.79456,1070
327.83098,1068
327.8674,1070
327.90382,1060
327.94024,1058
327.97666,1060
328.01308,1058
328.0495,1064
328.08592,1070
328.12234,1058
328.15876,1058
328.19518,1066
328.2316,1066
328.26802,1064
328.30444,1056
328.34086,1074
328.37728,1058
328.4137,1060
328.45012,1056
328.48654,1054
328.52296,1056
328.55938,1064
328.5958,1066
328.63222,1058
328.66864,1056
328.70506,1072
328.74148,1064
328.7779,1062
328.81432,1050
328.85074,1068
328.88716,1064
328.92358,1070
328.96,1066
328.99642,1068
329.03284,1070
329.06926,1074
329.10568,1074
329.1421,1062
329.17852,1058
329.21494,1058
329.25136,1066
329.28778,1052
329.3242,1054
329.36062,1058
329.39704,1074
329.43346,1062
329.46988,1070
329.5063,1058
329.54272,1070
329.57914,1056
329.61556,1062
329.65198,1062
329.6884,1058
329.72482,1066
329.76124,1058
329.79766,1066
329.83408,1058
329.8705,1052
329.90692,1058
329.94334,1062
329.97976,1056
330.01618,1068
330.0526,1054
330.08902,1054
330.12544,1062
330.16186,1070
330.19828,1058
330.2347,1054
330.27112,1066
330.30754,1066
330.34396,1056
330.38038,1060
330.4168,1064
330.45322,1054
330.48964,1056
330.52606,1054
330.56248,1050
330.5989,1064
330.63532,1054
330.67174,1058
330.70816,1050
330.74458,1056
330.781,1054
330.81742,1062
330.85384,1060
330.89026,1062
330.92668,1066
330.9631,1068
330.99952,1060
331.03594,1048
331.07236,1062
331.10878,1056
331.1452,1064
331.18162,1058
331.21804,1060
331.25446,1058
331.29088,1074
331.3273,1070
331.36372,1062
331.40014,1068
331.43656,1054
331.47298,1058
331.5094,1058
331.54582,1060
331.58224,1058
331.61866,1062
331.65508,1054
331.6915,1054
331.72792,1046
331.76434,1054
331.80076,1060
331.83718,1052
331.8736,1068
331.91002,1060
331.94644,1064
331.98286,1062
332.01928,1050
332.0557,1050
332.09212,1064
332.12854,1064
332.16496,1058
332.20138,1056
332.2378,1058
332.27422,1050
332.31064,1060
332.34706,1066
332.38348,1056
332.4199,1058
332.45632,1068
332.49274,1060
332.52916,1048
332.56558,1058
332.602,1062
332.63842,1056
332.67484,1056
332.71126,1054
332.74768,1058
332.7841,1062
332.82052,1056
332.85694,1056
332.89336,1070
332.92978,1066
332.9662,1058
333.00262,1058
333.03904,1072
333.07546,1062
333.11188,1062
333.1483,1060
333.18472,1064
333.22114,1054
333.25756,1058
333.29398,1048
333.3304,1054
333.36682,1056
333.40324,1066
333.43966,1054
333.47608,1054
333.5125,1062
333.54892,1056
333.58534,1056
333.62176,1050
333.65818,1048
333.6946,1056
333.73102,1056
333.76744,1052
333.80386,1062
333.84028,1066
333.8767,1056
333.91312,1064
333.94954,1060
333.98596,1060
334.02238,1058
334.0588,1056
334.09522,1056
334.13164,1062
334.16806,1074
334.20448,1064
334.2409,1058
334.27732,1052
334.31374,1066
334.35016,1064
334.38658,1050
334.423,1052
334.45942,1070
334.49584,1070
334.53226,1052
334.56868,1052
334.6051,1050
334.64152,1058
334.67794,1074
334.71436,1062
334.75078,1054
334.7872,1056
334.82362,1056
334.86004,1060
334.89646,1058
334.93288,1062
334.9693,1064
335.00572,1058
335.04214,1056
335.07856,1050
335.11498,1058
335.1514,1066
335.18782,1048
335.22424,1048
335.26066,1068
335.29708,1058
335.3335,1054
335.36992,1058
335.40634,1066
335.44276,1058
335.47918,1060
335.5156,1060
335.55202,1058
335.58844,1064
335.62486,1064
335.66128,1062
335.6977,1058
335.73412,1056
335.77054,1052
335.80696,1058
335.84338,1056
335.8798,1056
335.91622,1064
335.95264,1050
335.98906,1064
336.02548,1052
336.0619,1054
336.09832,1062
336.13474,1058
336.17116,1062
336.20758,1048
336.244,1060
336.28042,1050
336.31684,1060
336.35326,1054
336.38968,1064
336.4261,1050
336.46252,1052
336.49894,1056
336.53536,1058
336.57178,1054
336.6082,1054
336.64462,1054
336.68104,1060
336.71746,1060
336.75388,1050
336.7903,1050
336.82672,1066
336.86386,1060
336.90028,1062
336.9367,1064
336.97312,1064
337.00954,1060
337.04596,1056
337.08238,1060
337.1188,1060
337.15522,1066
337.19164,1052
337.22806,1060
337.26448,1058
337.3009,1062
337.33732,1052
337.37374,1056
337.41016,1054
337.44658,1048
337.483,1064
337.51942,1058
337.55584,1054
337.59226,1056
337.62868,1078
337.6651,1058
337.70152,1058
337.73794,1060
337.77436,1056
337.81078,1054
337.8472,1054
337.88362,1062
337.92004,1060
337.95646,1056
337.99288,1068
338.0293,1054
338.06572,1058
338.10214,1064
338.13856,1058
338.17498,1064
338.2114,1054
338.24782,1046
338.28424,1064
338.32066,1050
338.35708,1058
338.3935,1060
338.42992,1072
338.46634,1060
338.50276,1062
338.53918,1054
338.5756,1060
338.61202,1064
338.64844,1054
338.68486,1056
338.72128,1052
338.7577,1056
338.79412,1056
338.83054,1050
338.86696,1058
338.90338,1058
338.9398,1052
338.97622,1060
339.01264,1054
339.04906,1050
339.08548,1050
339.1219,1074
339.15832,1056
339.19474,1072
339.23116,1068
339.26758,1058
339.304,1066
339.34042,1060
339.37684,1058
339.41326,1064
339.44968,1056
339.4861,1048
339.52252,1060
339.55894,1056
339.59536,1060
339.63178,1060
339.6682,1060
339.70462,1052
339.74104,1062
339.77746,1062
339.81388,1052
339.8503,1052
339.88672,1054
339.92314,1064
339.95956,1066
339.99598,1054
340.0324,1058
340.06882,1066
340.10524,1058
340.14166,1058
340.17808,1066
340.2145,1056
340.25092,1058
340.28734,1064
340.32376,1066
340.36018,1054
340.3966,1058
340.43302,1066
340.46944,1062
340.50586,1056
340.54228,1066
340.5787,1066
340.61512,1056
340.65154,1054
340.68796,1064
340.72438,1064
340.7608,1056
340.79722,1060
340.83364,1052
340.87006,1062
340.90648,1054
340.9429,1054
340.97932,1058
341.01574,1064
341.05216,1050
341.08858,1064
341.125,1060
341.16142,1058
341.19784,1060
341.23426,1062
341.27068,1062
341.3071,1054
341.34352,1058
341.37994,1066
341.41636,1058
341.45278,1054
341.4892,1062
341.52562,1058
341.56204,1062
341.59846,1062
341.63488,1054
341.6713,1064
341.70772,1062
341.74414,1060
341.78056,1074
341.81698,1054
341.8534,1064
341.88982,1052
341.92624,1056
341.96266,1056
341.99908,1050
342.0355,1056
342.07192,1064
342.10834,1058
342.14476,1062
342.18118,1060
342.2176,1052
342.25402,1062
342.29044,1052
342.32686,1062
342.36328,1046
342.3997,1060
342.43612,1060
342.47254,1052
342.50896,1060
342.54538,1060
342.5818,1070
342.61822,1060
342.65464,1058
342.69106,1056
342.72748,1058
342.7639,1058
342.80032,1056
342.83674,1056
342.87316,1060
342.90958,1062
342.946,1066
342.98242,1064
343.01884,1054
343.05526,1052
343.09168,1056
343.1281,1060
343.16452,1070
343.20094,1058
343.23736,1060
343.27378,1068
343.3102,1068
343.34662,1076
343.38304,1064
343.41946,1054
343.45588,1060
343.4923,1040
343.52872,1060
343.56514,1074
343.60156,1064
343.63798,1060
343.6744,1064
343.71082,1056
343.74724,1062
343.78366,1070
343.82008,1056
343.8565,1054
343.89292,1064
343.92934,1058
343.96576,1070
344.00218,1062
344.0386,1054
344.07502,1054
344.11144,1066
344.14786,1054
344.18428,1056
344.2207,1066
344.25712,1062
344.29354,1054
344.32996,1058
344.36638,1058
344.4028,1068
344.43922,1056
344.47564,1062
344.51206,1062
344.54848,1072
344.5849,1062
344.62132,1060
344.65774,1070
344.69416,1056
344.73058,1064
344.767,1060
344.80342,1052
344.83984,1060
344.87626,1060
344.91268,1064
344.9491,1064
344.98552,1052
345.02194,1060
345.05836,1062
345.09478,1066
345.1312,1060
345.16762,1052
345.20404,1068
345.24046,1058
345.27688,1062
345.3133,1066
345.34972,1058
345.38614,1050
345.42256,1062
345.45898,1060
345.4954,1056
345.53182,1054
345.56824,1078
345.60466,1068
345.64108,1070
345.6775,1062
345.71392,1068
345.75034,1058
345.78676,1050
345.82318,1062
345.8596,1056
345.89602,1064
345.93244,1062
345.96886,1070
346.00528,1064
346.0417,1056
346.07812,1064
346.11454,1080
346.15096,1064
346.18738,1056
346.2238,1054
346.26022,1062
346.29664,1064
346.33306,1066
346.36948,1056
346.4059,1062
346.44232,1062
346.47874,1068
346.51516,1048
346.55158,1060
346.588,1062
346.62442,1068
346.66084,1054
346.69726,1062
346.73368,1056
346.7701,1062
346.80652,1060
346.84294,1062
346.87936,1050
346.91578,1062
346.9522,1060
346.98862,1060
347.02504,1062
347.06146,1060
347.09788,1066
347.1343,1072
347.17072,1076
347.20714,1058
347.24356,1060
347.27998,1060
347.3164,1076
347.35282,1058
347.38924,1060
347.42566,1066
347.46208,1060
347.4985,1066
347.53492,1068
347.57134,1066
347.60776,1064
347.64418,1064
347.6806,1060
347.71702,1068
347.75344,1062
347.78986,1064
347.82628,1054
347.8627,1056
347.89912,1064
347.93554,1076
347.97196,1068
348.00838,1064
348.0448,1060
348.08122,1066
348.11764,1070
348.15406,1052
348.19048,1046
348.2269,1060
348.26332,1068
348.29974,1052
348.33616,1076
348.37258,1066
348.409,1062
348.44542,1066
348.48184,1076
348.51826,1054
348.55468,1064
348.5911,1066
348.62752,1058
348.66394,1060
348.70036,1066
348.73678,1070
348.7732,1060
348.80962,1064
348.84604,1066
348.88246,1064
348.91888,1062
348.9553,1064
348.99172,1072
349.02814,1050
349.06456,1062
349.10098,1058
349.1374,1066
349.17382,1082
349.21024,1076
349.24666,1068
349.28308,1068
349.3195,1058
349.35592,1062
349.39234,1070
349.42876,1062
349.46518,1058
349.5016,1052
349.53802,1054
349.57444,1076
349.61086,1060
349.64728,1072
349.6837,1064
349.72012,1056
349.75654,1060
349.79296,1068
349.82938,1070
349.8658,1052
349.90222,1078
349.93864,1074
349.97506,1070
350.01148,1074
350.0479,1068
350.08432,1070
350.12074,1058
350.15716,1060
350.19358,1074
350.23,1066
350.26642,1068
350.30284,1070
350.33926,1064
350.37568,1068
350.4121,1066
350.44852,1060
350.48494,1064
350.52136,1062
350.55778,1074
350.5942,1060
350.63062,1066
350.66704,1076
350.70346,1070
350.73988,1070
350.7763,1066
350.81272,1066
350.84914,1056
350.88556,1064
350.92198,1064
350.9584,1082
350.99482,1070
351.03124,1070
351.06766,1076
351.10408,1054
351.1405,1070
351.17692,1074
351.21334,1068
351.24976,1054
351.28618,1070
351.3226,1062
351.35902,1066
351.39544,1064
351.43186,1050
351.46828,1062
351.5047,1070
351.54112,1064
351.57754,1068
351.61396,1070
351.65038,1078
351.6868,1060
351.72322,1070
351.75964,1064
351.79606,1062
351.83248,1054
351.8689,1054
351.90532,1070
351.94174,1064
351.97816,1066
352.01458,1072
352.051,1076
352.08742,1070
352.12384,1070
352.16026,1056
352.19668,1070
352.2331,1068
352.26952,1064
352.30594,1064
352.34236,1066
352.37878,1060
352.4152,1062
352.45162,1064
352.48804,1066
352.52446,1062
352.56088,1078
352.5973,1064
352.63372,1066
352.67014,1064
352.70656,1070
352.74298,1068
352.7794,1072
352.81582,1052
352.85224,1064
352.88866,1062
352.92508,1060
352.9615,1064
352.99792,1066
353.03434,1062
353.07076,1062
353.10718,1064
353.1436,1062
353.18002,1070
353.21644,1068
353.25286,1082
353.28928,1058
353.3257,1072
353.36212,1060
353.39854,1062
353.43496,1060
353.47138,1066
353.5078,1082
353.54422,1062
353.58064,1060
353.61706,1064
353.65348,1068
353.6899,1070
353.72632,1072
353.76274,1076
353.79916,1060
353.83558,1062
353.872,1070
353.90842,1062
353.94484,1060
353.98126,1062
354.01768,1058
354.0541,1058
354.09052,1080
354.12694,1072
354.16336,1070
354.19978,1064
354.2362,1074
354.27262,1066
354.30904,1062
354.34546,1066
354.38188,1076
354.4183,1080
354.45472,1068
354.49114,1072
354.52756,1064
354.56398,1070
354.6004,1066
354.63682,1060
354.67324,1066
354.70966,1072
354.74608,1060
354.7825,1068
354.81892,1072
354.85534,1068
354.89176,1070
354.92818,1064
354.9646,1074
355.00102,1078
355.03744,1070
355.07386,1056
355.11028,1060
355.1467,1056
355.18312,1070
355.21954,1068
355.25596,1074
355.29238,1064
355.3288,1062
355.36522,1054
355.40164,1066
355.43806,1062
355.47448,1064
355.5109,1062
355.54732,1060
355.58374,1054
355.62016,1060
355.65658,1066
355.693,1068
355.72942,1060
355.76584,1052
355.80226,1072
355.83868,1064
355.8751,1072
355.91152,1056
355.94794,1060
355.98436,1076
356.02078,1070
356.0572,1074
356.09362,1078
356.13004,1066
356.16646,1060
356.20288,1084
356.2393,1068
356.27572,1058
356.31214,1054
356.34856,1068
356.38498,1060
356.4214,1064
356.45782,1060
356.49424,1066
356.53066,1064
356.56708,1064
356.6035,1080
356.63992,1064
356.67634,1070
356.71276,1074
356.74918,1068
356.7856,1070
356.82202,1074
356.85844,1064
356.89486,1062
356.93128,1064
356.9677,1072
357.00412,1060
357.04054,1058
357.07696,1072
357.11338,1064
357.1498,1070
357.18622,1066
357.22264,1064
357.25906,1060
357.29548,1058
357.3319,1070
357.36832,1066
357.40474,1072
357.44116,1054
357.47758,1068
357.514,1052
357.55042,1062
357.58684,1062
357.62326,1066
357.65968,1074
357.6961,1060
357.73252,1072
357.76894,1068
357.80536,1064
357.84178,1068
357.8782,1064
357.91462,1066
357.95104,1086
357.98746,1058
358.02388,1066
358.0603,1060
358.09672,1064
358.13314,1062
358.16956,1070
358.20598,1060
358.2424,1056
358.27882,1066
358.31524,1072
358.35166,1068
358.38808,1064
358.4245,1064
358.46092,1066
358.49734,1062
358.53376,1066
358.57018,1066
358.6066,1070
358.64302,1062
358.67944,1060
358.71586,1060
358.75228,1058
358.7887,1066
358.82512,1072
358.86154,1058
358.89796,1066
358.93438,1062
358.9708,1068
359.00722,1070
359.04364,1072
359.08006,1066
359.11648,1066
359.1529,1054
359.18932,1056
359.22574,1074
359.26216,1066
359.29858,1060
359.335,1060
359.37142,1076
359.40784,1060
359.44426,1056
359.48068,1062
359.5171,1062
359.55352,1066
359.58994,1060
359.62636,1058
359.66278,1076
359.6992,1074
359.73562,1064
359.77204,1070
359.80846,1056
359.84488,1060
359.8813,1074
359.91772,1066
359.95414,1064
359.99056,1062
360.02698,1062
360.0634,1068
360.09982,1064
360.13624,1058
360.17266,1066
360.20908,1064
360.2455,1064
360.28192,1072
360.31834,1070
360.35476,1054
360.39118,1050
360.4276,1068
360.46402,1066
360.50044,1060
360.53686,1058
360.57328,1052
360.6097,1066
360.64612,1048
360.68254,1060
360.71896,1068
360.75538,1064
360.7918,1060
360.82822,1068
360.86464,1072
360.90106,1064
360.93748,1064
360.9739,1066
361.01032,1074
361.04674,1074
361.08316,1074
361.11958,1062
361.156,1076
361.19242,1066
361.22884,1062
361.26526,1064
361.30168,1058
361.3381,1074
361.37452,1062
361.41094,1054
361.44736,1060
361.48378,1076
361.5202,1068
361.55662,1058
361.59304,1064
361.62946,1068
361.66588,1062
361.7023,1060
361.73872,1058
361.77514,1058
361.81156,1066
361.84798,1056
361.8844,1056
361.92082,1072
361.95724,1068
361.99366,1070
362.03008,1066
362.0665,1064
362.10292,1070
362.13934,1064
362.17576,1064
362.21218,1062
362.2486,1074
362.28502,1058
362.32144,1062
362.35786,1062
362.39428,1060
362.4307,1060
362.46712,1064
362.50354,1072
362.53996,1064
362.57638,1066
362.6128,1068
362.64922,1056
362.68564,1056
362.72206,1068
362.75848,1062
362.7949,1064
362.83132,1062
362.86774,1060
362.90416,1070
362.94058,1058
362.977,1066
363.01342,1062
363.04984,1060
363.08626,1060
363.12268,1066
363.1591,1062
363.19552,1068
363.23194,1054
363.26836,1060
363.30478,1052
363.3412,1072
363.37762,1068
363.41404,1070
363.45046,1054
363.48688,1066
363.5233,1054
363.55972,1052
363.59614,1060
363.63256,1056
363.66898,1062
363.7054,1062
363.74182,1058
363.77824,1062
363.81466,1060
363.85108,1070
363.8875,1072
363.92392,1070
363.96034,1062
363.99676,1058
364.03318,1060
364.0696,1068
364.10602,1060
364.14244,1074
364.17886,1060
364.21528,1060
364.2517,1060
364.28812,1080
364.32454,1074
364.36096,1068
364.39738,1064
364.4338,1060
364.47022,1076
364.50664,1058
364.54306,1058
364.57948,1050
364.6159,1066
364.65232,1060
364.68874,1050
364.72516,1062
364.76158,1054
364.798,1062
364.83442,1054
364.87084,1062
364.90726,1058
364.94368,1070
364.9801,1070
365.01652,1062
365.05294,1082
365.08936,1070
365.12578,1056
365.1622,1060
365.19862,1074
365.23504,1066
365.27146,1074
365.30788,1048
365.3443,1068
365.38072,1058
365.41714,1056
365.45356,1066
365.48998,1066
365.5264,1072
365.56282,1062
365.59924,1070
365.63566,1054
365.67208,1062
365.7085,1072
365.74492,1072
365.78134,1056
365.81776,1064
365.85418,1070
365.8906,1070
365.92702,1060
365.96344,1070
365.99986,1054
366.03628,1054
366.0727,1058
366.10912,1068
366.14554,1058
366.18196,1064
366.21838,1054
366.2548,1046
366.29122,1062
366.32764,1074
366.36406,1064
366.40048,1076
366.4369,1050
366.47332,1068
366.50974,1050
366.54616,1076
366.58258,1068
366.619,1056
366.65542,1050
366.69184,1072
366.72826,1062
366.76468,1062
366.8011,1052
366.83752,1064
366.87394,1056
366.91036,1058
366.94678,1054
366.9832,1062
367.01962,1054
367.05604,1066
367.09246,1056
367.12888,1056
367.1653,1056
367.20172,1062
367.23814,1056
367.27456,1068
367.31098,1060
367.3474,1054
367.38382,1060
367.42024,1058
367.45666,1064
367.49308,1060
367.5295,1058
367.56592,1062
367.60234,1058
367.63876,1060
367.67518,1058
367.7116,1060
367.74802,1056
367.78444,1056
367.82086,1066
367.85728,1062
367.8937,1060
367.93012,1038
367.96654,1064
368.00296,1064
368.03938,1054
368.0758,1064
368.11222,1058
368.14864,1060
368.18506,1068
368.22148,1054
368.2579,1060
368.29432,1052
368.33074,1064
368.36716,1064
368.40358,1060
368.44,1060
368.47642,1064
368.51284,1060
368.54926,1068
368.58568,1084
368.6221,1062
368.65852,1056
368.69494,1062
368.73136,1060
368.76778,1064
368.8042,1060
368.84062,1056
368.87704,1064
368.91346,1064
368.94988,1062
368.9863,1066
369.02272,1058
369.05914,1058
369.09556,1058
369.13198,1058
369.1684,1070
369.20482,1054
369.24124,1050
369.27766,1062
369.31408,1054
369.3505,1054
369.38692,1068
369.42334,1068
369.45976,1066
369.49618,1052
369.5326,1056
369.56902,1052
369.60544,1062
369.64186,1046
369.67828,1054
369.7147,1056
369.75112,1064
369.78754,1068
369.82396,1056
369.86038,1056
369.8968,1058
369.93322,1064
369.96964,1060
370.00606,1060
370.04248,1066
370.0789,1064
370.11532,1054
370.15174,1052
370.18816,1056
370.22458,1058
370.261,1054
370.29742,1056
370.33384,1078
370.37026,1056
370.40668,1046
370.4431,1056
370.47952,1066
370.51594,1054
370.55236,1066
370.58878,1052
370.6252,1056
370.66162,1060
370.69804,1064
370.73446,1060
370.77088,1052
370.8073,1060
370.84372,1060
370.88014,1050
370.91656,1060
370.95298,1066
370.9894,1048
371.02582,1060
371.06224,1050
371.09866,1060
371.13508,1072
371.1715,1064
371.20792,1052
371.24434,1048
371.28076,1058
371.31718,1044
371.3536,1044
371.39002,1048
371.42644,1060
371.46286,1062
371.49928,1052
371.5357,1058
371.57212,1062
371.60854,1062
371.64496,1054
371.68138,1060
371.7178,1066
371.75422,1066
371.79064,1056
371.82706,1060
371.86348,1060
371.8999,1056
371.93632,1064
371.97274,1062
372.00916,1070
372.04558,1056
372.082,1060
372.11842,1058
372.15484,1052
372.19126,1054
372.22768,1050
372.2641,1064
372.30052,1062
372.33694,1048
372.37336,1042
372.40978,1056
372.4462,1056
372.48262,1064
372.51904,1066
372.55546,1050
372.59188,1058
372.6283,1054
372.66472,1054
372.70114,1058
372.73756,1050
372.77398,1054
372.8104,1058
372.84682,1056
372.88324,1064
372.91966,1054
372.95608,1068
372.9925,1062
373.02892,1048
373.06534,1054
373.10176,1052
373.13818,1048
373.1746,1050
373.21102,1050
373.24744,1058
373.28386,1056
373.32028,1054
373.3567,1046
373.39312,1050
373.42954,1054
373.46596,1046
373.50238,1048
373.5388,1044
373.57522,1048
373.61164,1054
373.64806,1062
373.68448,1066
373.7209,1050
373.75732,1054
373.79374,1052
373.83016,1052
373.86658,1056
373.903,1054
373.93942,1074
373.97584,1060
374.01226,1066
374.04868,1044
374.0851,1050
374.12152,1054
374.15916,1060
374.19558,1054
374.232,1060
374.26842,1054
374.30484,1058
374.34126,1056
374.37768,1070
374.4141,1062
374.45052,1070
374.48694,1052
374.52336,1064
374.55978,1056
374.5962,1062
374.63262,1060
374.66904,1062
374.70546,1050
374.74188,1058
374.7783,1060
374.81472,1054
374.85114,1052
374.88756,1064
374.92398,1082
374.9604,1058
374.99682,1050
375.03324,1062
375.06966,1058
375.10608,1058
375.1425,1048
375.17892,1038
375.21534,1056
375.25176,1062
375.28818,1060
375.3246,1054
375.36102,1048
375.39744,1058
375.43386,1072
375.47028,1056
375.5067,1048
375.54312,1052
375.57954,1058
375.61596,1054
375.65238,1048
375.6888,1062
375.72522,1062
375.76164,1062
375.79806,1054
375.83448,1064
375.8709,1044
375.90732,1062
375.94374,1054
375.98016,1052
376.01658,1054
376.053,1062
376.08942,1052
376.12584,1050
376.16226,1060
376.19868,1058
376.2351,1070
376.27152,1062
376.30794,1052
376.34436,1056
376.38078,1052
376.4172,1066
376.45362,1062
376.49004,1060
376.52646,1066
376.56288,1056
376.5993,1060
376.63572,1060
376.67214,1066
376.70856,1062
376.74498,1066
376.7814,1058
376.81782,1058
376.85424,1062
376.89066,1054
376.92708,1062
376.9635,1052
376.99992,1066
377.03634,1060
377.07276,1044
377.10918,1062
377.1456,1048
377.18202,1060
377.21844,1060
377.25486,1070
377.29128,1062
377.3277,1060
377.36412,1054
377.40054,1054
377.43696,1054
377.47338,1062
377.5098,1048
377.54622,1056
377.58264,1048
377.61906,1058
377.65548,1062
377.6919,1070
377.72832,1074
377.76474,1054
377.80116,1062
377.83758,1062
377.874,1054
377.91042,1060
377.94684,1048
377.98326,1058
378.01968,1058
378.0561,1056
378.09252,1054
378.12894,1064
378.16536,1058
378.20178,1064
378.2382,1068
378.27462,1062
378.31104,1052
378.34746,1062
378.38388,1056
378.4203,1066
378.45672,1052
378.49314,1060
378.52956,1062
378.56598,1056
378.6024,1060
378.63882,1058
378.67524,1060
378.71166,1064
378.74808,1056
378.7845,1052
378.82092,1056
378.85734,1058
378.89376,1060
378.93018,1056
378.9666,1078
379.00302,1052
379.03944,1060
379.07586,1064
379.11228,1064
379.1487,1070
379.18512,1062
379.22154,1064
379.25796,1048
379.29438,1060
379.3308,1060
379.36722,1048
379.40364,1040
379.44006,1072
379.47648,1056
379.5129,1064
379.54932,1054
379.58574,1054
379.62216,1056
379.65858,1058
379.695,1066
379.73142,1066
379.76784,1062
379.80426,1060
379.84068,1054
379.8771,1068
379.91352,1056
379.94994,1060
379.98636,1058
380.02278,1058
380.0592,1056
380.09562,1060
380.13204,1052
380.16846,1064
380.20488,1060
380.2413,1062
380.27772,1052
380.31414,1064
380.35056,1060
380.38698,1056
380.4234,1062
380.45982,1052
380.49624,1054
380.53266,1060
380.56908,1054
380.6055,1064
380.64192,1054
380.67834,1060
380.71476,1056
380.75118,1058
380.7876,1064
380.82402,1064
380.86044,1082
380.89686,1074
380.93328,1066
380.9697,1060
381.00612,1064
381.04254,1058
381.07896,1062
381.11538,1046
381.1518,1054
381.18822,1066
381.22464,1050
381.26106,1064
381.29748,1060
381.3339,1060
381.37032,1066
381.40674,1054
381.44316,1060
381.47958,1056
381.516,1070
381.55242,1060
381.58884,1058
381.62526,1052
381.66168,1062
381.6981,1064
381.73452,1060
381.77094,1054
381.80736,1062
381.84378,1064
381.8802,1062
381.91662,1062
381.95304,1056
381.98946,1058
382.02588,1068
382.0623,1066
382.09872,1060
382.13514,1054
382.17156,1070
382.20798,1056
382.2444,1064
382.28082,1058
382.31724,1058
382.35366,1070
382.39008,1058
382.4265,1062
382.46292,1064
382.49934,1062
382.53576,1056
382.57218,1062
382.6086,1054
382.64502,1058
382.68144,1062
382.71786,1058
382.75428,1050
382.7907,1054
382.82712,1064
382.86354,1074
382.89996,1062
382.93638,1064
382.9728,1062
383.00922,1070
383.04564,1060
383.08206,1064
383.11848,1060
383.1549,1054
383.19132,1056
383.22774,1068
383.26416,1062
383.30058,1058
383.337,1064
383.37342,1064
383.40984,1052
383.44626,1066
383.48268,1060
383.5191,1064
383.55552,1060
383.59194,1070
383.62836,1052
383.66478,1056
383.7012,1060
383.73762,1070
383.77404,1058
383.81046,1066
383.84688,1062
383.8833,1058
383.91972,1064
383.95614,1058
383.99256,1062
384.02898,1072
384.0654,1066
384.10182,1060
384.13824,1052
384.17466,1062
384.21108,1064
384.2475,1068
384.28392,1064
384.32034,1068
384.35676,1070
384.39318,1062
384.4296,1064
384.46602,1068
384.50244,1070
384.53886,1054
384.57528,1064
384.6117,1056
384.64812,1058
384.68454,1060
384.72096,1068
384.75738,1076
384.7938,1064
384.83022,1068
384.86664,1072
384.90306,1070
384.93948,1058
384.9759,1058
385.01232,1050
385.04874,1062
385.08516,1064
385.12158,1056
385.158,1056
385.19442,1050
385.23084,1066
385.26726,1062
385.30368,1062
385.3401,1076
385.37652,1062
385.41294,1066
385.44936,1058
385.48578,1064
385.5222,1062
385.55862,1054
385.59504,1076
385.63146,1080
385.66788,1062
385.7043,1076
385.74072,1078
385.77714,1066
385.81356,1058
385.84998,1064
385.8864,1062
385.92282,1056
385.95924,1054
385.99566,1062
386.03208,1062
386.0685,1062
386.10492,1060
386.14134,1064
386.17776,1064
386.21418,1054
386.2506,1062
386.28702,1072
386.32344,1062
386.35986,1056
386.39628,1058
386.4327,1068
386.46912,1076
386.50554,1068
386.54196,1072
386.57838,1060
386.6148,1064
386.65122,1066
386.68764,1068
386.72406,1072
386.76048,1058
386.7969,1066
386.83332,1052
386.86974,1078
386.90616,1062
386.94258,1060
386.979,1066
387.01542,1072
387.05184,1056
387.08826,1060
387.12468,1070
387.1611,1066
387.19752,1068
387.23394,1074
387.27036,1072
387.30678,1060
387.3432,1060
387.37962,1058
387.41604,1064
387.45246,1064
387.48888,1058
387.5253,1068
387.56172,1066
387.59814,1064
387.63456,1072
387.67098,1070
387.7074,1070
387.74382,1064
387.78024,1056
387.81666,1058
387.85308,1062
387.8895,1068
387.92592,1072
387.96234,1068
387.99876,1066
388.03518,1068
388.0716,1056
388.10802,1060
388.14444,1056
388.18086,1066
388.21728,1068
388.2537,1094
388.29012,1082
388.32654,1056
388.36296,1062
388.39938,1058
388.4358,1066
388.47222,1058
388.50864,1070
388.54506,1068
388.58148,1078
388.6179,1060
388.65432,1064
388.69074,1058
388.72716,1044
388.76358,1060
388.8,1066
388.83642,1068
388.87284,1056
388.90926,1060
388.94568,1066
388.9821,1066
389.01852,1072
389.05494,1070
389.09136,1056
389.12778,1058
389.1642,1052
389.20062,1070
389.23704,1068
389.27346,1066
389.30988,1072
389.3463,1062
389.38272,1072
389.41914,1066
389.45556,1070
389.49198,1062
389.5284,1060
389.56482,1062
389.60124,1062
389.63766,1064
389.67408,1072
389.7105,1072
389.74692,1070
389.78334,1060
389.81976,1066
389.85618,1052
389.8926,1062
389.92902,1072
389.96544,1056
390.00186,1064
390.03828,1054
390.0747,1070
390.11112,1062
390.14754,1064
390.18396,1068
390.22038,1070
390.2568,1054
390.29322,1058
390.32964,1068
390.36606,1066
390.40248,1064
390.4389,1064
390.47532,1060
390.51174,1072
390.54816,1072
390.58458,1072
390.621,1054
390.65742,1054
390.69384,1068
390.73026,1064
390.76668,1072
390.8031,1074
390.83952,1078
390.87594,1076
390.91236,1060
390.94878,1068
390.9852,1068
391.02162,1070
391.05804,1058
391.09446,1070
391.13088,1070
391.1673,1082
391.20372,1064
391.24014,1066
391.27656,1060
391.31298,1068
391.3494,1064
391.38582,1068
391.42224,1068
391.45866,1068
391.49508,1074
391.5315,1064
391.56792,1058
391.60434,1070
391.64076,1068
391.67718,1072
391.7136,1056
391.75002,1068
391.78644,1068
391.82286,1060
391.85928,1062
391.8957,1058
391.93212,1058
391.96854,1070
392.00496,1056
392.04138,1074
392.0778,1064
392.11422,1070
392.15064,1066
392.18706,1066
392.22348,1064
392.2599,1052
392.29632,1076
392.33274,1068
392.36916,1056
392.40558,1064
392.442,1076
392.47842,1068
392.51484,1070
392.55126,1060
392.58768,1070
392.6241,1062
392.66052,1070
392.69694,1072
392.73336,1072
392.76978,1066
392.8062,1068
392.84262,1064
392.87904,1062
392.91546,1060
392.95188,1060
392.9883,1072
393.02472,1074
393.06114,1062
393.09756,1068
393.13398,1070
393.1704,1070
393.20682,1066
393.24324,1066
393.27966,1092
393.31608,1060
393.3525,1066
393.38892,1076
393.42534,1058
393.46176,1064
393.49818,1078
393.5346,1072
393.57102,1066
393.60744,1070
393.64386,1068
393.68028,1070
393.7167,1072
393.75312,1066
393.78954,1062
393.82596,1070
393.86238,1064
393.8988,1062
393.93522,1064
393.97164,1082
394.00806,1060
394.04448,1072
394.0809,1062
394.11732,1062
394.15374,1060
394.19016,1068
394.22658,1074
394.263,1068
394.29942,1064
394.33584,1056
394.37226,1072
394.40868,1064
394.4451,1064
394.48152,1066
394.51794,1066
394.55436,1066
394.59078,1066
394.6272,1062
394.66362,1058
394.70004,1076
394.73646,1064
394.77288,1064
394.8093,1058
394.84572,1056
394.88214,1070
394.91856,1066
394.95498,1060
394.9914,1064
395.02782,1070
395.06424,1062
395.10066,1060
395.13708,1060
395.1735,1068
395.20992,1058
395.24634,1074
395.28276,1072
395.31918,1066
395.3556,1058
395.39202,1068
395.42844,1060
395.46486,1060
395.50128,1066
395.5377,1068
395.57412,1064
395.61054,1066
395.64696,1056
395.68338,1078
395.7198,1064
395.75622,1066
395.79264,1062
395.82906,1072
395.86548,1070
395.9019,1070
395.93832,1064
395.97474,1070
396.01116,1064
396.04758,1068
396.084,1066
396.12042,1070
396.15684,1058
396.19326,1056
396.22968,1072
396.2661,1068
396.30252,1074
396.33894,1064
396.37536,1068
396.41178,1074
396.4482,1066
396.48462,1064
396.52104,1058
396.55746,1070
396.59388,1056
396.6303,1048
396.66672,1070
396.70314,1062
396.73956,1064
396.77598,1054
396.8124,1052
396.84882,1066
396.88524,1062
396.92166,1066
396.95808,1070
396.9945,1056
397.03092,1070
397.06734,1060
397.10376,1058
397.14018,1070
397.1766,1060
397.21302,1058
397.24944,1062
397.28586,1070
397.32228,1054
397.3587,1062
397.39512,1058
397.43154,1056
397.46796,1072
397.50438,1060
397.5408,1066
397.57722,1066
397.61364,1072
397.65006,1072
397.68648,1058
397.7229,1066
397.75932,1062
397.79574,1056
397.83216,1074
397.86858,1060
397.905,1060
397.94142,1062
397.97784,1066
398.01426,1064
398.05068,1060
398.0871,1068
398.12352,1062
398.15994,1078
398.19636,1060
398.23278,1062
398.2692,1056
398.30562,1064
398.34204,1068
398.37846,1064
398.41488,1072
398.4513,1052
398.48772,1074
398.52414,1074
398.56056,1060
398.59698,1058
398.6334,1062
398.66982,1068
398.70624,1064
398.74266,1060
398.77908,1066
398.8155,1060
398.85192,1062
398.88834,1072
398.92476,1070
398.96118,1066
398.9976,1068
399.03402,1062
399.07044,1068
399.10686,1072
399.14328,1054
399.1797,1060
399.21612,1072
399.25254,1066
399.28896,1062
399.32538,1062
399.3618,1058
399.39822,1054
399.43464,1060
399.47106,1064
399.50748,1072
399.5439,1076
399.58032,1056
399.61674,1054
399.65316,1054
399.68958,1066
399.726,1068
399.76242,1058
399.79884,1066
399.83526,1066
399.87168,1054
399.9081,1070
399.94452,1058
399.98094,1062
400.01736,1050
400.05378,1062
400.0902,1058
400.12662,1068
400.16304,1056
400.19946,1066
400.23588,1062
400.2723,1064
400.30872,1062
400.34514,1070
400.38156,1058
400.41798,1064
400.4544,1060
400.49082,1076
400.52724,1056
400.56366,1066
400.60008,1060
400.6365,1058
400.67292,1064
400.70934,1062
400.74576,1066
400.78218,1054
400.8186,1056
400.85502,1054
400.89144,1066
400.92786,1070
400.96428,1064
401.0007,1054
401.03712,1070
401.07354,1062
401.10996,1062
401.14638,1058
401.1828,1068
401.21922,1058
401.25564,1058
401.29206,1054
401.32848,1062
401.3649,1058
401.40132,1052
401.43774,1052
401.47416,1062
401.51058,1066
401.547,1060
401.58342,1074
401.61984,1066
401.65626,1058
401.69268,1062
401.7291,1054
401.76552,1076
401.80194,1064
401.83836,1064
401.87478,1058
401.9112,1062
401.94762,1064
401.98404,1060
402.02046,1058
402.05688,1070
402.0933,1060
402.12972,1056
402.16614,1064
402.20256,1058
402.23898,1064
402.2754,1074
402.31182,1058
402.34824,1078
402.38466,1078
402.42108,1064
402.4575,1064
402.49392,1060
402.53034,1056
402.56676,1064
402.60318,1056
402.6396,1064
402.67602,1058
402.71244,1056
402.74886,1056
402.78528,1058
402.8217,1064
402.85812,1058
402.89454,1052
402.93096,1074
402.96738,1058
403.0038,1058
403.04022,1056
403.07664,1070
403.11306,1066
403.14948,1060
403.1859,1062
403.22232,1062
403.25874,1066
403.29516,1070
403.33158,1058
403.368,1064
403.40442,1066
403.44084,1064
403.47726,1056
403.51368,1062
403.5501,1060
403.58652,1076
403.62294,1074
403.65936,1066
403.69578,1080
403.7322,1066
403.76862,1064
403.80504,1062
403.84146,1060
403.87788,1060
403.9143,1060
403.95072,1066
403.98714,1058
404.02356,1070
404.05998,1060
404.0964,1064
404.13282,1072
404.16924,1066
404.20566,1062
404.24208,1058
404.2785,1058
404.31492,1066
404.35134,1056
404.38776,1062
404.42418,1058
404.4606,1060
404.49702,1050
404.53344,1064
404.56986,1056
404.60628,1070
404.6427,1062
404.67912,1048
404.71554,1054
404.75196,1058
404.78838,1062
404.8248,1056
404.86122,1060
404.89764,1062
404.93406,1056
404.97048,1060
405.0069,1054
405.04332,1062
405.07974,1056
405.11616,1060
405.15258,1056
405.189,1060
405.22542,1054
405.26184,1076
405.29826,1064
405.33468,1054
405.3711,1056
405.40752,1052
405.44394,1062
405.48036,1052
405.51678,1060
405.5532,1052
405.58962,1062
405.62604,1052
405.66246,1066
405.69888,1060
405.7353,1058
405.77172,1054
405.80814,1062
405.84456,1056
405.88098,1078
405.9174,1058
405.95382,1058
405.99024,1052
406.02666,1046
406.06308,1062
406.0995,1062
406.13592,1058
406.17234,1056
406.20876,1054
406.24518,1066
406.2816,1066
406.31802,1060
406.35444,1058
406.39086,1056
406.42728,1064
406.4637,1064
406.50012,1058
406.53654,1060
406.57296,1076
406.60938,1058
406.6458,1054
406.68222,1056
406.71864,1066
406.75506,1068
406.79148,1054
406.8279,1060
406.86432,1044
406.90074,1062
406.93716,1052
406.97358,1054
407.01,1064
407.04642,1052
407.08284,1058
407.11926,1058
407.15568,1058
407.1921,1054
407.22852,1054
407.26494,1060
407.30136,1052
407.33778,1058
407.3742,1060
407.41062,1052
407.44704,1054
407.48346,1058
407.51988,1068
407.5563,1060
407.59272,1054
407.62914,1082
407.66556,1062
407.70198,1050
407.7384,1060
407.77482,1056
407.81124,1060
407.84766,1072
407.88408,1050
407.9205,1060
407.95692,1068
407.99334,1062
408.02976,1060
408.06618,1054
408.1026,1060
408.13902,1070
408.17544,1058
408.21186,1052
408.24828,1050
408.2847,1044
408.32112,1050
408.35754,1052
408.39396,1060
408.43038,1060
408.4668,1060
408.50322,1060
408.53964,1048
408.57606,1060
408.61248,1052
408.6489,1050
408.68532,1054
408.72174,1060
408.75816,1056
408.79458,1050
408.831,1058
408.86742,1054
408.90384,1070
408.94026,1070
408.97668,1060
409.0131,1056
409.04952,1062
409.08594,1058
409.12236,1060
409.15878,1066
409.1952,1054
409.23162,1062
409.26804,1050
409.30446,1048
409.34088,1060
409.3773,1056
409.41372,1056
409.45014,1054
409.48656,1068
409.52298,1046
409.5594,1056
409.59582,1058
409.63224,1054
409.66866,1048
409.70508,1056
409.7415,1052
409.77792,1060
409.81434,1046
409.85076,1054
409.88718,1046
409.9236,1060
409.96002,1054
409.99644,1056
410.03286,1060
410.06928,1058
410.1057,1054
410.14212,1054
410.17854,1056
410.21496,1056
410.25138,1062
410.2878,1054
410.32422,1046
410.36064,1054
410.39706,1058
410.43348,1060
410.4699,1048
410.50632,1050
410.54274,1060
410.57916,1058
410.61558,1062
410.652,1050
410.68842,1046
410.72484,1060
410.76126,1048
410.79768,1054
410.8341,1060
410.87052,1056
410.90694,1058
410.94336,1050
410.97978,1064
411.0162,1054
411.05262,1056
411.08904,1054
411.12546,1056
411.16188,1054
411.1983,1056
411.23472,1066
411.27114,1056
411.30756,1070
411.34398,1048
411.3804,1052
411.41682,1060
411.45176,1058
411.48818,1058
411.5246,1054
411.56102,1058
411.59744,1046
411.63386,1050
411.67028,1058
411.7067,1056
411.74312,1064
411.77954,1060
411.81596,1058
411.85238,1050
411.8888,1054
411.92522,1056
411.96164,1056
411.99806,1048
412.03448,1050
412.0709,1056
412.10732,1058
412.14374,1056
412.18016,1058
412.21658,1080
412.253,1050
412.28942,1060
412.32584,1054
412.36226,1058
412.39868,1056
412.4351,1052
412.47152,1060
412.50794,1058
412.54436,1058
412.58078,1074
412.6172,1062
412.65362,1056
412.69004,1064
412.72646,1058
412.76288,1054
412.7993,1048
412.83572,1056
412.87214,1056
412.90856,1046
412.94498,1062
412.9814,1048
413.01782,1050
413.05424,1056
413.09066,1068
413.12708,1058
413.1635,1066
413.19992,1056
413.23634,1062
413.27276,1060
413.30918,1060
413.3456,1054
413.38202,1052
413.41844,1058
413.45486,1068
413.49128,1052
413.5277,1056
413.56412,1048
413.60054,1054
413.63696,1060
413.67338,1054
413.7098,1060
413.74622,1064
413.78264,1048
413.81906,1048
413.85548,1054
413.8919,1050
413.92832,1052
413.96474,1062
414.00116,1054
414.03758,1056
414.074,1056
414.11042,1060
414.14684,1054
414.18326,1052
414.21968,1060
414.2561,1072
414.29252,1056
414.32894,1068
414.36536,1066
414.40178,1054
414.4382,1064
414.47462,1058
414.51104,1078
414.54746,1062
414.58388,1052
414.6203,1052
414.65672,1060
414.69314,1060
414.72956,1060
414.76598,1068
414.8024,1052
414.83882,1050
414.87524,1056
414.91166,1058
414.94808,1064
414.9845,1060
415.02092,1054
415.05734,1056
415.09376,1068
415.13018,1058
415.1666,1054
415.20302,1058
415.23944,1060
415.27586,1060
415.31228,1048
415.3487,1064
415.38512,1058
415.42154,1058
415.45796,1062
415.49438,1064
415.5308,1056
415.56722,1060
415.60364,1052
415.64006,1054
415.67648,1058
415.7129,1058
415.74932,1080
415.78574,1060
415.82216,1054
415.85858,1060
415.895,1064
415.93142,1058
415.96784,1054
416.00426,1070
416.04068,1064
416.0771,1056
416.11352,1060
416.14994,1064
416.18636,1058
416.22278,1056
416.2592,1068
416.29562,1056
416.33204,1062
416.36846,1064
416.40488,1056
416.4413,1056
416.47772,1064
416.51414,1058
416.55056,1066
416.58698,1060
416.6234,1064
416.65982,1058
416.69624,1058
416.73266,1058
416.76908,1048
416.8055,1060
416.84192,1054
416.87834,1058
416.91476,1054
416.95118,1052
416.9876,1062
417.02402,1058
417.06044,1056
417.09686,1062
417.13328,1058
417.1697,1054
417.20612,1058
417.24254,1058
417.27896,1054
417.31538,1046
417.3518,1048
417.38822,1050
417.42464,1062
417.46106,1056
417.49748,1060
417.5339,1048
417.57032,1058
417.60674,1062
417.64316,1064
417.67958,1058
417.716,1068
417.75242,1058
417.78884,1052
417.82526,1062
417.86168,1054
417.8981,1060
417.93452,1068
417.97094,1076
418.00736,1054
418.04378,1062
418.0802,1058
418.11662,1068
418.15304,1076
418.18946,1054
418.22588,1064
418.2623,1056
418.29872,1052
418.33514,1072
418.37156,1066
418.40798,1054
418.4444,1058
418.48082,1060
418.51724,1052
418.55366,1054
418.59008,1056
418.6265,1060
418.66292,1070
418.69934,1068
418.73576,1060
418.77218,1056
418.8086,1060
418.84502,1056
418.88144,1048
418.91786,1056
418.95428,1058
418.9907,1062
419.02712,1062
419.06354,1060
419.09996,1064
419.13638,1072
419.1728,1060
419.20922,1062
419.24564,1068
419.28206,1070
419.31848,1064
419.3549,1056
419.39132,1068
419.42774,1072
419.46416,1068
419.50058,1060
419.537,1060
419.57342,1060
419.60984,1064
419.64626,1062
419.68268,1060
419.7191,1064
419.75552,1070
419.79194,1064
419.82836,1060
419.86478,1060
419.9012,1070
419.93762,1066
419.97404,1060
420.01046,1064
420.04688,1056
420.0833,1060
420.11972,1060
420.15614,1070
420.19256,1066
420.22898,1066
420.2654,1062
420.30182,1054
420.33824,1062
420.37466,1062
420.41108,1064
420.4475,1054
420.48392,1058
420.52034,1064
420.55676,1064
420.59318,1056
420.6296,1060
420.66602,1062
420.70244,1062
420.73886,1064
420.77528,1062
420.8117,1058
420.84812,1062
420.88454,1060
420.92096,1066
420.95738,1060
420.9938,1058
421.03022,1062
421.06664,1062
421.10306,1058
421.13948,1056
421.1759,1072
421.21232,1056
421.24874,1074
421.28516,1066
421.32158,1068
421.358,1064
421.39442,1066
421.43084,1056
421.46726,1054
421.50368,1056
421.5401,1058
421.57652,1060
421.61294,1056
421.64936,1066
421.68578,1064
421.7222,1064
421.75862,1054
421.79504,1066
421.83146,1058
421.86788,1058
421.9043,1062
421.94072,1064
421.97714,1050
422.01356,1066
422.04998,1068
422.0864,1054
422.12282,1060
422.15924,1066
422.19566,1072
422.23208,1064
422.2685,1064
422.30492,1064
422.34134,1074
422.37776,1060
422.41418,1058
422.4506,1056
422.48702,1056
422.52344,1068
422.55986,1066
422.59628,1062
422.6327,1056
422.66912,1062
422.70554,1072
422.74196,1056
422.77838,1060
422.8148,1068
422.85122,1054
422.88764,1058
422.92406,1070
422.96048,1058
422.9969,1066
423.03332,1080
423.06974,1062
423.10616,1054
423.14258,1068
423.179,1070
423.21542,1058
423.25184,1058
423.28826,1058
423.32468,1062
423.3611,1064
423.39752,1066
423.43394,1064
423.47036,1052
423.50678,1062
423.5432,1064
423.57962,1068
423.61604,1058
423.65246,1064
423.68888,1062
423.7253,1068
423.76172,1064
423.79814,1070
423.83456,1080
423.87098,1062
423.9074,1066
423.94382,1064
423.98024,1062
424.01666,1056
424.05308,1062
424.0895,1048
424.12592,1066
424.16234,1064
424.19876,1066
424.23518,1066
424.2716,1054
424.30802,1060
424.34444,1068
424.38086,1058
424.41728,1066
424.4537,1072
424.49012,1062
424.52654,1064
424.56296,1066
424.59938,1072
424.6358,1074
424.67222,1070
424.70864,1060
424.74506,1070
424.78148,1058
424.8179,1054
424.85432,1064
424.89074,1072
424.92716,1060
424.96358,1064
425,1064
425.03642,1058
425.07284,1062
425.10926,1060
425.14568,1072
425.1821,1048
425.21852,1068
425.25494,1062
425.29136,1058
425.32778,1068
425.3642,1062
425.40062,1066
425.43704,1060
425.47346,1068
425.50988,1058
425.5463,1068
425.58272,1070
425.61914,1062
425.65556,1064
425.69198,1074
425.7284,1066
425.76482,1058
425.80124,1076
425.83766,1066
425.87408,1066
425.9105,1066
425.94692,1070
425.98334,1064
426.01976,1054
426.05618,1068
426.0926,1062
426.12902,1060
426.16544,1072
426.20186,1054
426.23828,1066
426.2747,1072
426.31112,1050
426.34754,1058
426.38396,1062
426.42038,1058
426.4568,1062
426.49322,1064
426.52964,1058
426.56606,1068
426.60248,1056
426.6389,1064
426.67532,1056
426.71174,1052
426.74816,1060
426.78458,1066
426.821,1074
426.85742,1058
426.89384,1068
426.93026,1064
426.96668,1062
427.0031,1068
427.03952,1062
427.07594,1066
427.11236,1068
427.14878,1060
427.1852,1060
427.22162,1072
427.25804,1070
427.29446,1070
427.33088,1058
427.3673,1060
427.40372,1050
427.44014,1064
427.47656,1056
427.51298,1060
427.5494,1060
427.58582,1062
427.62224,1060
427.65866,1070
427.69508,1062
427.7315,1060
427.76792,1082
427.80434,1062
427.84076,1064
427.87718,1070
427.9136,1058
427.95002,1068
427.98644,1060
428.02286,1066
428.05928,1060
428.0957,1068
428.13212,1070
428.16854,1060
428.20496,1062
428.24138,1064
428.2778,1070
428.31422,1058
428.35064,1064
428.38706,1062
428.42348,1060
428.4599,1076
428.49632,1066
428.53274,1058
428.56916,1058
428.60558,1060
428.642,1066
428.67842,1060
428.71484,1060
428.75126,1058
428.78768,1062
428.8241,1064
428.86052,1060
428.89694,1066
428.93336,1064
428.96978,1064
429.0062,1068
429.04262,1066
429.07904,1048
429.11546,1046
429.15188,1064
429.1883,1062
429.22472,1068
429.26114,1068
429.29756,1070
429.33398,1068
429.3704,1066
429.40682,1072
429.44324,1054
429.47966,1062
429.51608,1060
429.5525,1064
429.58892,1060
429.62534,1064
429.66176,1060
429.69818,1066
429.7346,1072
429.77102,1072
429.80744,1064
429.84386,1050
429.88028,1068
429.9167,1064
429.95312,1060
429.98954,1072
430.02596,1068
430.06238,1066
430.0988,1068
430.13522,1066
430.17164,1064
430.20806,1074
430.24448,1076
430.2809,1072
430.31732,1068
430.35374,1066
430.39016,1066
430.42658,1058
430.463,1050
430.49942,1064
430.53584,1064
430.57226,1072
430.60868,1068
430.6451,1052
430.68152,1074
430.71794,1074
430.75436,1068
430.79078,1080
430.8272,1076
430.86362,1062
430.90004,1076
430.93646,1066
430.97288,1064
431.0093,1068
431.04572,1074
431.08214,1054
431.11856,1074
431.15498,1058
431.1914,1066
431.22782,1060
431.26424,1058
431.30066,1076
431.33708,1064
431.3735,1066
431.40992,1066
431.44634,1060
431.48276,1064
431.51918,1072
431.5556,1072
431.59202,1066
431.62844,1058
431.66486,1074
431.70128,1080
431.7377,1056
431.77412,1064
431.81054,1064
431.84696,1070
431.88338,1072
431.9198,1060
431.95622,1080
431.99264,1062
432.02906,1068
432.06548,1068
432.1019,1062
432.13832,1068
432.17474,1052
432.21116,1062
432.24758,1072
432.284,1068
432.32042,1064
432.35684,1064
432.39326,1060
432.42968,1062
432.4661,1058
432.50252,1068
432.53894,1070
432.57536,1070
432.61178,1068
432.6482,1064
432.68462,1066
432.72104,1058
432.75746,1070
432.79388,1066
432.8303,1066
432.86672,1058
432.90314,1076
432.93956,1058
432.97598,1072
433.0124,1058
433.04882,1070
433.08524,1052
433.12166,1058
433.15808,1060
433.1945,1060
433.23092,1074
433.26734,1064
433.30376,1068
433.34018,1068
433.3766,1066
433.41302,1058
433.44944,1064
433.48586,1058
433.52228,1064
433.5587,1056
433.59512,1070
433.63154,1074
433.66796,1062
433.70438,1062
433.7408,1052
433.77722,1062
433.81364,1066
433.85006,1050
433.88648,1060
433.9229,1054
433.95932,1060
433.99574,1066
434.03216,1062
434.06858,1066
434.105,1066
434.14142,1066
434.17784,1068
434.21426,1062
434.25068,1068
434.2871,1066
434.32352,1058
434.35994,1076
434.39636,1066
434.43278,1070
434.4692,1050
434.50562,1060
434.54204,1066
434.57846,1064
434.61488,1062
434.6513,1064
434.68772,1058
434.72414,1070
434.76056,1066
434.79698,1060
434.8334,1070
434.86982,1066
434.90624,1072
434.94266,1062
434.97908,1054
435.0155,1066
435.05192,1062
435.08834,1062
435.12476,1066
435.16118,1064
435.1976,1054
435.23402,1054
435.27044,1058
435.30686,1064
435.34328,1054
435.3797,1072
435.41612,1064
435.45254,1086
435.48896,1068
435.52538,1048
435.5618,1066
435.59822,1064
435.63464,1068
435.67106,1068
435.70748,1064
435.7439,1072
435.78032,1066
435.81674,1064
435.85316,1060
435.88958,1060
435.926,1056
435.96242,1066
435.99884,1064
436.03526,1066
436.07168,1062
436.1081,1060
436.14452,1070
436.18094,1076
436.21736,1068
436.25378,1056
436.2902,1054
436.32662,1068
436.36304,1062
436.39946,1062
436.43588,1056
436.4723,1066
436.50872,1080
436.54514,1064
436.58156,1062
436.61798,1056
436.6544,1048
436.69082,1066
436.72724,1062
436.76366,1064
436.80008,1064
436.8365,1070
436.87292,1068
436.90934,1066
436.94576,1062
436.98218,1074
437.0186,1070
437.05502,1068
437.09144,1056
437.12786,1060
437.16428,1060
437.2007,1056
437.23712,1068
437.27354,1064
437.30996,1062
437.34638,1062
437.3828,1062
437.41922,1062
437.45564,1068
437.49206,1056
437.52848,1062
437.5649,1064
437.60132,1060
437.63774,1064
437.67416,1068
437.71058,1068
437.747,1068
437.78342,1070
437.81984,1056
437.85626,1072
437.89268,1050
437.9291,1072
437.96552,1060
438.00194,1058
438.03836,1066
438.07478,1060
438.1112,1056
438.14762,1056
438.18404,1062
438.22046,1062
438.25688,1058
438.2933,1058
438.32972,1058
438.36614,1060
438.40256,1050
438.43898,1068
438.4754,1070
438.51182,1062
438.54824,1064
438.58466,1062
438.62108,1056
438.6575,1060
438.69392,1060
438.73034,1056
438.76676,1068
438.80318,1064
438.8396,1058
438.87602,1074
438.91244,1064
438.94886,1054
438.98528,1078
439.0217,1052
439.05812,1072
439.09454,1074
439.13096,1056
439.16738,1058
439.2038,1062
439.24022,1060
439.27664,1060
439.31306,1062
439.34948,1060
439.3859,1062
439.42232,1058
439.45874,1064
439.49516,1060
439.53158,1068
439.568,1080
439.60442,1064
439.64084,1074
439.67726,1072
439.71368,1066
439.7501,1046
439.78652,1054
439.82294,1052
439.85936,1060
439.89578,1062
439.9322,1066
439.96862,1064
440.00504,1050
440.04146,1062
440.07788,1064
440.1143,1058
440.15072,1054
440.18714,1056
440.22356,1060
440.25998,1070
440.2964,1062
440.33282,1052
440.36924,1064
440.40566,1056
440.44208,1058
440.4785,1066
440.51492,1062
440.55134,1066
440.58776,1054
440.62418,1052
440.6606,1062
440.69702,1062
440.73344,1062
440.76986,1050
440.80628,1062
440.8427,1044
440.87912,1064
440.91554,1074
440.95196,1062
440.98838,1068
441.0248,1062
441.06122,1072
441.09764,1066
441.13406,1062
441.17048,1058
441.2069,1060
441.24332,1062
441.27974,1058
441.31616,1052
441.35258,1052
441.389,1070
441.42542,1068
441.46184,1042
441.49826,1054
441.53468,1058
441.5711,1060
441.60752,1068
441.64394,1052
441.68036,1058
441.71678,1060
441.7532,1064
441.78962,1064
441.82604,1060
441.86246,1060
441.89888,1060
441.9353,1060
441.97172,1060
442.00814,1048
442.04456,1058
442.08098,1062
442.1174,1052
442.15382,1052
442.19024,1052
442.22666,1068
442.26308,1050
442.2995,1062
442.33592,1060
442.37234,1056
442.40876,1058
442.44518,1060
442.4816,1050
442.51802,1058
442.55444,1054
442.59086,1054
442.62728,1058
442.6637,1058
442.70012,1054
442.73654,1058
442.77296,1068
442.80938,1056
442.8458,1066
442.88222,1052
442.91864,1060
442.95506,1054
442.99148,1062
443.0279,1060
443.06432,1056
443.10074,1064
443.13716,1058
443.17358,1070
443.21,1052
443.24642,1058
443.28284,1058
443.31926,1054
443.35568,1054
443.3921,1056
443.42852,1062
443.46494,1060
443.50136,1058
443.53778,1062
443.5742,1056
443.61062,1062
443.64704,1066
443.68346,1056
443.71988,1068
443.7563,1058
443.79272,1060
443.82914,1058
443.86556,1054
443.90198,1054
443.9384,1060
443.97482,1054
444.01124,1070
444.04766,1060
444.08408,1056
444.1205,1048
444.15692,1048
444.19334,1060
444.22976,1048
444.26618,1054
444.3026,1048
444.33902,1062
444.37544,1060
444.41186,1048
444.44828,1062
444.4847,1052
444.52112,1054
444.55754,1060
444.59396,1050
444.63038,1046
444.6668,1064
444.70322,1064
444.73964,1064
444.77606,1052
444.81248,1058
444.8489,1060
444.88532,1052
444.92174,1068
444.95816,1052
444.99458,1056
445.031,1060
445.06742,1054
445.10384,1052
445.14026,1060
445.17668,1052
445.2131,1074
445.24952,1062
445.28594,1062
445.32236,1056
445.35878,1058
445.3952,1064
445.43162,1064
445.46804,1064
445.50446,1070
445.54088,1058
445.5773,1054
445.61372,1064
445.65014,1054
445.68656,1048
445.72298,1068
445.7594,1064
445.79582,1050
445.83224,1056
445.86866,1050
445.90508,1054
445.9415,1056
445.97792,1056
446.01434,1056
446.05076,1052
446.08718,1046
446.1236,1050
446.16002,1060
446.19644,1056
446.23286,1052
446.26928,1048
446.3057,1052
446.34212,1058
446.37854,1060
446.41496,1058
446.45138,1064
446.4878,1056
446.52422,1062
446.56064,1060
446.59706,1072
446.63348,1048
446.6699,1048
446.70632,1056
446.74274,1052
446.77916,1046
446.81558,1054
446.852,1060
446.88842,1050
446.92484,1036
446.96126,1050
446.99768,1054
447.0341,1060
447.07052,1052
447.10694,1056
447.14336,1056
447.17978,1048
447.2162,1044
447.25262,1060
447.28904,1048
447.32546,1048
447.36188,1062
447.3983,1048
447.43472,1060
447.47114,1058
447.50756,1060
447.54398,1044
447.5804,1052
447.61682,1054
447.65324,1054
447.68966,1068
447.72608,1054
447.7625,1050
447.79892,1056
447.83534,1056
447.87176,1062
447.90818,1060
447.9446,1060
447.98102,1054
448.01744,1054
448.05386,1060
448.09028,1052
448.1267,1052
448.16312,1048
448.19954,1044
448.23596,1056
448.27238,1046
448.3088,1058
448.34522,1060
448.38164,1056
448.41806,1062
448.45448,1060
448.4909,1058
448.52732,1054
448.56374,1058
448.60016,1074
448.63658,1048
448.673,1054
448.70942,1050
448.74586,1056
448.78228,1050
448.8187,1064
448.85512,1056
448.89154,1048
448.92796,1048
448.96438,1068
449.0008,1060
449.03722,1062
449.07364,1060
449.11006,1056
449.14648,1054
449.1829,1048
449.21932,1060
449.25574,1056
449.29216,1054
449.32858,1058
449.365,1056
449.40142,1056
449.43784,1062
449.47426,1058
449.51068,1080
449.5471,1058
449.58352,1056
449.61994,1060
449.65636,1066
449.69278,1052
449.7292,1058
449.76562,1052
449.80204,1054
449.83846,1058
449.87488,1072
449.9113,1062
449.94772,1046
449.98414,1058
450.02056,1066
450.05698,1052
450.0934,1068
450.12982,1048
450.16624,1058
450.20266,1058
450.23908,1054
450.2755,1060
450.31192,1052
450.34834,1056
450.38476,1056
450.42118,1048
450.4576,1050
450.49402,1054
450.53044,1056
450.56686,1058
450.60328,1058
450.6397,1052
450.67612,1064
450.71254,1058
450.74896,1062
450.78538,1048
450.8218,1052
450.85822,1060
450.89464,1060
450.93106,1056
450.96748,1060
451.0039,1064
451.04032,1058
451.07674,1068
451.11316,1058
451.14958,1052
451.186,1062
451.22242,1064
451.25884,1070
451.29526,1052
451.33168,1040
451.3681,1052
451.40452,1062
451.44094,1072
451.47736,1060
451.51378,1060
451.5502,1058
451.58662,1056
451.62304,1068
451.65946,1058
451.69588,1056
451.7323,1048
451.76872,1066
451.80514,1062
451.84156,1064
451.87798,1060
451.9144,1066
451.95082,1056
451.98724,1060
452.02366,1050
452.06008,1062
452.0965,1052
452.13292,1056
452.16934,1054
452.20576,1052
452.24218,1058
452.2786,1058
452.31502,1064
452.35144,1052
452.38786,1062
452.42428,1058
452.4607,1044
452.49712,1054
452.53354,1048
452.56996,1050
452.60638,1050
452.6428,1052
452.67922,1058
452.71564,1058
452.75206,1064
452.78848,1060
452.8249,1062
452.86132,1060
452.89774,1068
452.93416,1058
452.97058,1074
453.007,1052
453.04342,1066
453.07984,1058
453.11626,1056
453.15268,1056
453.1891,1062
453.22552,1062
453.26194,1050
453.29836,1064
453.33478,1054
453.3712,1050
453.40762,1058
453.44404,1056
453.48046,1052
453.51688,1056
453.5533,1068
453.58972,1060
453.62614,1066
453.66256,1062
453.69898,1056
453.7354,1064
453.77182,1048
453.80824,1062
453.84466,1052
453.88108,1056
453.9175,1062
453.95392,1052
453.99034,1060
454.02676,1046
454.06318,1060
454.0996,1066
454.13602,1060
454.17244,1064
454.20886,1058
454.24528,1046
454.2817,1056
454.31812,1058
454.35454,1066
454.39096,1044
454.42738,1058
454.4638,1052
454.50022,1048
454.53664,1064
454.57306,1050
454.60948,1056
454.6459,1052
454.68232,1058
454.71874,1054
454.75516,1058
454.79158,1056
454.828,1050
454.86442,1056
454.90084,1068
454.93726,1054
454.97368,1070
455.0101,1064
455.04652,1062
455.08294,1062
455.11936,1058
455.15578,1054
455.1922,1066
455.22862,1058
455.26504,1056
455.30146,1068
455.33788,1062
455.3743,1060
455.41072,1064
455.44714,1076
455.48356,1058
455.51998,1058
455.5564,1060
455.59282,1054
455.62924,1064
455.66566,1064
455.70208,1060
455.7385,1060
455.77492,1058
455.81134,1044
455.84776,1046
455.88418,1056
455.9206,1050
455.95702,1064
455.99344,1056
456.02986,1046
456.06628,1068
456.1027,1060
456.13912,1062
456.17554,1054
456.21196,1060
456.24838,1056
456.2848,1058
456.32122,1060
456.35764,1062
456.39406,1060
456.43048,1060
456.4669,1060
456.50332,1062
456.53974,1050
456.57616,1070
456.61258,1058
456.649,1058
456.68542,1062
456.72184,1056
456.75826,1056
456.79468,1058
456.8311,1060
456.86752,1062
456.90394,1064
456.94036,1064
456.97678,1062
457.0132,1058
457.04962,1058
457.08604,1062
457.12246,1056
457.15888,1068
457.1953,1056
457.23172,1058
457.26814,1068
457.30456,1072
457.34098,1058
457.3774,1054
457.41382,1056
457.45024,1066
457.48666,1052
457.52308,1068
457.5595,1054
457.59592,1064
457.63234,1066
457.66876,1060
457.70518,1068
457.7416,1062
457.77802,1050
457.81444,1062
457.85086,1060
457.88728,1068
457.9237,1060
457.96012,1066
457.99654,1062
458.03296,1062
458.06938,1062
458.1058,1056
458.14222,1066
458.17864,1060
458.21506,1054
458.25148,1056
458.2879,1058
458.32432,1062
458.36074,1062
458.39716,1058
458.43358,1066
458.47,1060
458.50642,1066
458.54284,1064
458.57926,1056
458.61568,1064
458.6521,1054
458.68852,1062
458.72494,1060
458.76136,1058
458.79778,1058
458.8342,1064
458.87062,1068
458.90704,1068
458.94346,1058
458.97988,1068
459.0163,1062
459.05272,1074
459.08914,1058
459.12556,1046
459.16198,1058
459.1984,1068
459.23482,1050
459.27124,1052
459.30766,1060
459.34408,1060
459.3805,1066
459.41692,1070
459.45334,1068
459.48976,1062
459.52618,1062
459.5626,1058
459.59902,1052
459.63544,1056
459.67186,1056
459.70828,1060
459.7447,1060
459.78112,1058
459.81754,1064
459.85396,1070
459.89038,1056
459.9268,1062
459.96322,1062
459.99964,1070
460.03606,1054
460.07248,1054
460.1089,1060
460.14532,1070
460.18174,1064
460.21816,1072
460.25458,1064
460.291,1064
460.32742,1058
460.36384,1068
460.40026,1058
460.43668,1064
460.4731,1054
460.50952,1058
460.54594,1050
460.58236,1068
460.61878,1060
460.6552,1058
460.69162,1062
460.72804,1054
460.76446,1060
460.80088,1048
460.8373,1068
460.87372,1066
460.91014,1066
460.94656,1054
460.98298,1046
461.0194,1076
461.05582,1072
461.09224,1074
461.12866,1068
461.16508,1070
461.2015,1060
461.23792,1074
461.27434,1058
461.31076,1070
461.34718,1068
461.3836,1056
461.42002,1060
461.45644,1058
461.49286,1058
461.52928,1064
461.5657,1054
461.60212,1068
461.63854,1060
461.67496,1062
461.71138,1082
461.7478,1058
461.78422,1048
461.82064,1068
461.85706,1058
461.89348,1068
461.9299,1056
461.96632,1062
462.00274,1064
462.03916,1074
462.07558,1058
462.112,1054
462.14842,1064
462.18484,1054
462.22126,1070
462.25768,1066
462.2941,1062
462.33052,1062
462.36694,1070
462.40336,1050
462.43978,1060
462.4762,1074
462.51262,1056
462.54904,1068
462.58546,1078
462.62188,1072
462.6583,1054
462.69472,1068
462.73114,1060
462.76756,1068
462.80398,1060
462.8404,1076
462.87682,1062
462.91324,1060
462.94966,1066
462.98608,1052
463.0225,1076
463.05892,1062
463.09534,1076
463.13176,1068
463.16818,1062
463.2046,1066
463.24102,1060
463.27744,1070
463.31386,1050
463.35028,1064
463.3867,1056
463.42312,1062
463.45954,1064
463.49596,1070
463.53238,1064
463.5688,1078
463.60522,1062
463.64164,1066
463.67806,1080
463.71448,1062
463.7509,1074
463.78732,1072
463.82374,1060
463.86016,1080
463.89658,1056
463.933,1060
463.96942,1074
464.00584,1060
464.04226,1052
464.07868,1056
464.1151,1076
464.15152,1076
464.18794,1068
464.22436,1062
464.26078,1064
464.2972,1060
464.33362,1066
464.37004,1048
464.40646,1070
464.44288,1064
464.4793,1056
464.51572,1066
464.55214,1062
464.58856,1068
464.62498,1066
464.6614,1062
464.69782,1064
464.73424,1056
464.77066,1064
464.80708,1058
464.8435,1070
464.87992,1066
464.91634,1064
464.95276,1068
464.98918,1064
465.0256,1068
465.06202,1056
465.09844,1074
465.13486,1072
465.17128,1060
465.2077,1066
465.24412,1062
465.28054,1056
465.31696,1064
465.35338,1060
465.3898,1064
465.42622,1060
465.46264,1066
465.49906,1062
465.53548,1066
465.5719,1072
465.60832,1062
465.64474,1064
465.68116,1060
465.71758,1068
465.754,1054
465.79042,1062
465.82684,1062
465.86326,1074
465.89968,1058
465.9361,1062
465.97252,1062
466.00894,1072
466.04536,1058
466.08178,1062
466.1182,1078
466.15462,1078
466.19104,1070
466.22746,1068
466.26388,1066
466.3003,1068
466.33672,1066
466.37314,1072
466.40956,1058
466.44598,1058
466.4824,1062
466.51882,1054
466.55524,1072
466.59166,1068
466.62808,1070
466.6645,1058
466.70092,1058
466.73734,1060
466.77376,1074
466.81018,1056
466.8466,1076
466.88302,1070
466.91944,1054
466.95586,1058
466.99228,1062
467.0287,1062
467.06512,1070
467.10154,1068
467.13796,1066
467.17438,1066
467.2108,1064
467.24722,1058
467.28364,1066
467.32006,1060
467.35648,1062
467.3929,1076
467.42932,1052
467.46574,1062
467.50216,1074
467.53858,1060
467.575,1064
467.61142,1072
467.64784,1072
467.68426,1072
467.72068,1064
467.7571,1052
467.79352,1066
467.82994,1070
467.86636,1068
467.90278,1060
467.9392,1068
467.97562,1074
468.01204,1060
468.04846,1066
468.08488,1076
468.1213,1070
468.15772,1070
468.19414,1070
468.23056,1064
468.26698,1074
468.3034,1074
468.33982,1064
468.37624,1058
468.41266,1070
468.44908,1062
468.4855,1058
468.52192,1060
468.55834,1064
468.59476,1060
468.63118,1074
468.6676,1056
468.70402,1078
468.74044,1064
468.77686,1060
468.81328,1054
468.8497,1062
468.88612,1064
468.92254,1060
468.95896,1062
468.99538,1066
469.0318,1072
469.06822,1060
469.10464,1064
469.14106,1062
469.17748,1058
469.2139,1068
469.25032,1066
469.28674,1064
469.32316,1056
469.35958,1064
469.396,1070
469.43242,1064
469.46884,1066
469.50526,1070
469.54168,1060
469.5781,1074
469.61452,1066
469.65094,1064
469.68736,1058
469.72378,1078
469.7602,1052
469.79662,1060
469.83304,1062
469.86946,1058
469.90588,1060
469.9423,1064
469.97872,1058
470.01514,1062
470.05156,1058
470.08798,1064
470.1244,1058
470.16082,1064
470.19724,1060
470.23366,1062
470.27008,1058
470.3065,1066
470.34292,1066
470.37934,1064
470.41576,1058
470.45218,1060
470.4886,1060
470.52502,1064
470.56144,1072
470.59786,1060
470.63428,1062
470.6707,1072
470.70712,1060
470.74354,1064
470.77996,1056
470.81638,1078
470.8528,1056
470.88922,1060
470.92564,1076
470.96206,1058
470.99848,1058
471.0349,1066
471.07132,1056
471.10774,1054
471.14416,1074
471.18058,1070
471.217,1060
471.25342,1064
471.28984,1062
471.32626,1060
471.36268,1062
471.3991,1060
471.43552,1068
471.47194,1062
471.50836,1058
471.54478,1064
471.5812,1060
471.61762,1064
471.65404,1060
471.69046,1058
471.72688,1064
471.7633,1066
471.79972,1068
471.83614,1068
471.87256,1072
471.90898,1064
471.9454,1064
471.98182,1064
472.01824,1062
472.05466,1058
472.09108,1054
472.1275,1062
472.16392,1066
472.20034,1076
472.23676,1062
472.27318,1058
472.3096,1062
472.34602,1068
472.38244,1062
472.41886,1060
472.45528,1072
472.4917,1056
472.52812,1062
472.56454,1066
472.60096,1062
472.63738,1066
472.6738,1056
472.71022,1058
472.74664,1076
472.78306,1062
472.81948,1050
472.8559,1060
472.89232,1062
472.92874,1078
472.96516,1062
473.00158,1056
473.038,1058
473.07442,1056
473.11084,1068
473.14726,1066
473.18368,1062
473.2201,1070
473.25652,1072
473.29294,1056
473.32936,1066
473.36578,1064
473.4022,1072
473.43862,1064
473.47504,1062
473.51146,1056
473.54788,1060
473.5843,1058
473.62072,1062
473.65714,1056
473.69356,1070
473.72998,1064
473.7664,1054
473.80282,1070
473.83924,1064
473.87566,1056
473.91208,1054
473.9485,1064
473.98492,1058
474.02134,1066
474.05776,1048
474.09418,1064
474.1306,1064
474.16702,1072
474.20344,1056
474.23986,1062
474.27628,1068
474.3127,1060
474.34912,1058
474.38554,1062
474.42196,1062
474.45838,1062
474.4948,1068
474.53122,1058
474.56764,1064
474.60406,1058
474.64048,1060
474.6769,1064
474.71332,1064
474.74974,1060
474.78616,1052
474.82258,1056
474.859,1064
474.89542,1064
474.93184,1062
474.96826,1062
475.00468,1064
475.0411,1054
475.07752,1064
475.11394,1054
475.15036,1062
475.18678,1066
475.2232,1062
475.25962,1064
475.29604,1062
475.33246,1064
475.36888,1064
475.4053,1062
475.44172,1068
475.47814,1056
475.51456,1058
475.55098,1070
475.5874,1064
475.62382,1062
475.66024,1062
475.69666,1058
475.73308,1074
475.7695,1066
475.80592,1062
475.84234,1056
475.87876,1064
475.91518,1062
475.9516,1054
475.98802,1054
476.02444,1058
476.06086,1056
476.09728,1058
476.1337,1068
476.17012,1066
476.20654,1062
476.24296,1062
476.27938,1062
476.3158,1050
476.35222,1070
476.38864,1070
476.42506,1054
476.46148,1048
476.4979,1066
476.53432,1058
476.57074,1048
476.60716,1058
476.64358,1062
476.68,1054
476.71642,1064
476.75284,1040
476.78926,1062
476.82568,1062
476.8621,1078
476.89852,1062
476.93494,1076
476.97136,1070
477.00778,1060
477.0442,1060
477.08062,1060
477.11704,1052
477.15346,1060
477.18988,1052
477.2263,1058
477.26272,1066
477.29914,1062
477.33556,1056
477.37198,1056
477.4084,1074
477.44482,1060
477.48124,1060
477.51766,1050
477.55408,1064
477.5905,1064
477.62692,1060
477.66334,1074
477.69976,1060
477.73618,1078
477.7726,1062
477.80902,1064
477.84544,1048
477.88186,1052
477.91828,1058
477.9547,1066
477.99112,1058
478.02754,1060
478.06396,1056
478.10038,1054
478.1368,1060
478.17322,1070
478.20964,1078
478.24606,1066
478.28248,1066
478.3189,1066
478.35532,1052
478.39174,1052
478.42816,1054
478.46458,1060
478.501,1062
478.53742,1064
478.57384,1060
478.61026,1064
478.64668,1060
478.6831,1058
478.71952,1070
478.75594,1052
478.79236,1056
478.82878,1058
478.8652,1054
478.90162,1066
478.93804,1048
478.97446,1056
479.01088,1064
479.0473,1064
479.08372,1064
479.12014,1058
479.15656,1054
479.19298,1054
479.2294,1056
479.26582,1050
479.30224,1060
479.33866,1060
479.37508,1044
479.4115,1062
479.44792,1056
479.48434,1056
479.52076,1056
479.55718,1064
479.5936,1054
479.63002,1058
479.66644,1062
479.70286,1048
479.73928,1052
479.7757,1054
479.81212,1064
479.84854,1068
479.88496,1066
479.92138,1054
479.9578,1058
479.99422,1058
480.03064,1058
480.06706,1062
480.10348,1052
480.1399,1064
480.17632,1052
480.21274,1062
480.24916,1064
480.28558,1058
480.322,1060
480.35842,1052
480.39484,1062
480.43126,1066
480.46768,1076
480.5041,1052
480.54052,1062
480.57694,1042
480.61336,1064
480.64978,1056
480.6862,1056
480.72262,1058
480.75904,1052
480.79546,1050
480.83188,1056
480.8683,1060
480.90472,1048
480.94114,1052
480.97756,1060
481.01398,1046
481.0504,1062
481.08682,1060
481.12324,1060
481.15966,1058
481.19608,1052
481.2325,1044
481.26892,1060
481.30534,1062
481.34176,1068
481.37818,1058
481.4146,1064
481.45102,1054
481.48744,1052
481.52386,1064
481.56028,1056
481.5967,1050
481.63312,1060
481.66954,1056
481.70596,1060
481.74238,1066
481.7788,1054
481.81522,1066
481.85164,1048
481.88806,1058
481.92448,1062
481.9609,1068
481.99732,1060
482.03374,1058
482.07016,1050
482.10658,1052
482.143,1060
482.17942,1062
482.21584,1068
482.25226,1058
482.28868,1052
482.3251,1052
482.36152,1056
482.39794,1048
482.43436,1060
482.47078,1054
482.5072,1062
482.54362,1054
482.58004,1058
482.61646,1056
482.65288,1064
482.6893,1058
482.72572,1068
482.76214,1056
482.79856,1046
482.83498,1052
482.8714,1064
482.90782,1062
482.94424,1054
482.98066,1056
483.01708,1072
483.0535,1064
483.08992,1056
483.12634,1048
483.16276,1058
483.19918,1062
483.2356,1054
483.27202,1050
483.30844,1058
483.34486,1060
483.38128,1050
483.4177,1056
483.45412,1070
483.49054,1054
483.52696,1068
483.56338,1054
483.5998,1062
483.63622,1054
483.67264,1062
483.70906,1052
483.74548,1050
483.7819,1060
483.81832,1058
483.85474,1060
483.89116,1066
483.92758,1054
483.964,1052
484.00042,1052
484.03684,1046
484.07326,1052
484.10968,1056
484.1461,1054
484.18252,1068
484.21894,1058
484.25536,1058
484.29178,1046
484.3282,1056
484.36462,1052
484.40104,1046
484.43746,1052
484.47388,1048
484.5103,1056
484.54672,1062
484.58314,1050
484.61956,1062
484.65598,1060
484.6924,1056
484.72882,1058
484.76524,1052
484.80166,1060
484.83808,1054
484.8745,1052
484.91092,1058
484.94734,1048
484.98376,1050
485.02018,1050
485.0566,1052
485.09302,1050
485.12944,1048
485.16586,1050
485.20228,1050
485.2387,1050
485.27512,1050
485.31154,1054
485.34796,1044
485.38438,1040
485.4208,1056
485.45722,1052
485.49364,1052
485.53006,1056
485.56648,1058
485.6029,1054
485.63932,1052
485.67574,1050
485.71216,1060
485.74858,1064
485.785,1058
485.82142,1052
485.85784,1064
485.89426,1060
485.93068,1060
485.9671,1058
486.00352,1054
486.04016,1058
486.07658,1064
486.113,1060
486.14942,1064
486.18584,1060
486.22226,1048
486.25868,1050
486.2951,1052
486.33152,1068
486.36794,1054
486.40436,1056
486.44078,1056
486.4772,1046
486.51362,1058
486.55004,1056
486.58646,1048
486.62288,1054
486.6593,1060
486.69572,1050
486.73214,1048
486.76856,1068
486.80498,1078
486.8414,1060
486.87782,1056
486.91424,1052
486.95066,1052
486.98708,1058
487.0235,1060
487.05992,1044
487.09634,1064
487.13276,1060
487.16918,1080
487.2056,1064
487.24202,1056
487.27844,1048
487.31486,1060
487.35128,1058
487.3877,1056
487.42412,1044
487.46054,1054
487.49696,1054
487.53338,1052
487.5698,1068
487.60622,1054
487.64264,1060
487.67906,1056
487.71548,1068
487.7519,1054
487.78832,1054
487.82474,1050
487.86116,1048
487.89758,1052
487.934,1048
487.97042,1048
488.00684,1060
488.04326,1054
488.07968,1054
488.1161,1050
488.15252,1062
488.18894,1062
488.22536,1056
488.26178,1062
488.2982,1062
488.33462,1062
488.37104,1056
488.40746,1058
488.44388,1056
488.4803,1056
488.51672,1058
488.55314,1064
488.58956,1052
488.62598,1048
488.6624,1064
488.69882,1052
488.73524,1062
488.77166,1058
488.80808,1050
488.8445,1048
488.88092,1062
488.91734,1070
488.95376,1056
488.99018,1050
489.0266,1048
489.06302,1066
489.09944,1080
489.13586,1078
489.17228,1050
489.2087,1056
489.24512,1062
489.28154,1058
489.31796,1058
489.35438,1056
489.3908,1054
489.42722,1052
489.46364,1058
489.50006,1052
489.53648,1070
489.5729,1050
489.60932,1066
489.64574,1044
489.68216,1048
489.71858,1056
489.755,1050
489.79142,1052
489.82784,1058
489.86426,1064
489.90068,1054
489.9371,1056
489.97352,1056
490.00994,1048
490.04636,1072
490.08278,1056
490.1192,1058
490.15562,1060
490.19204,1058
490.22846,1048
490.26488,1054
490.3013,1056
490.33772,1072
490.37414,1056
490.41056,1060
490.44698,1060
490.4834,1052
490.51982,1066
490.55624,1056
490.59266,1056
490.62908,1060
490.6655,1052
490.70192,1068
490.73834,1058
490.77476,1056
490.81118,1060
490.8476,1066
490.88402,1058
490.92044,1056
490.95686,1078
490.99328,1072
491.0297,1052
491.06612,1056
491.10254,1052
491.13896,1058
491.17538,1052
491.2118,1052
491.24822,1046
491.28464,1048
491.32106,1062
491.35748,1064
491.3939,1060
491.43032,1058
491.46674,1054
491.50316,1058
491.53958,1062
491.576,1048
491.61242,1056
491.64884,1060
491.68526,1058
491.72168,1058
491.7581,1058
491.79452,1060
491.83094,1054
491.86736,1062
491.90378,1064
491.9402,1056
491.97662,1070
492.01304,1048
492.04946,1060
492.08588,1064
492.1223,1062
492.15872,1054
492.19514,1070
492.23156,1060
492.26798,1058
492.3044,1064
492.34082,1064
492.37724,1052
492.41366,1062
492.45008,1056
492.4865,1066
492.52292,1054
492.55934,1064
492.59576,1062
492.63218,1048
492.6686,1074
492.70502,1058
492.74144,1072
492.77786,1052
492.81428,1056
492.8507,1062
492.88712,1056
492.92354,1056
492.95996,1068
492.99638,1062
493.0328,1058
493.06922,1054
493.10564,1058
493.14206,1056
493.17848,1062
493.2149,1054
493.25132,1058
493.28774,1056
493.32416,1056
493.36058,1064
493.397,1056
493.43342,1060
493.46984,1060
493.50626,1066
493.54268,1064
493.5791,1056
493.61552,1062
493.65194,1058
493.68836,1066
493.72478,1060
493.7612,1058
493.79762,1062
493.83404,1072
493.87046,1062
493.90688,1056
493.9433,1068
493.97972,1056
494.01614,1058
494.05256,1058
494.08898,1066
494.1254,1076
494.16182,1064
494.19824,1064
494.23466,1058
494.27108,1064
494.3075,1062
494.34392,1064
494.38034,1056
494.41676,1054
494.45318,1060
494.4896,1066
494.52602,1060
494.56244,1054
494.59886,1064
494.63528,1058
494.6717,1054
494.70812,1056
494.74454,1062
494.78096,1056
494.81738,1064
494.8538,1054
494.89022,1066
494.92664,1058
494.96306,1058
494.99948,1058
495.0359,1066
495.07232,1058
495.10874,1062
495.14516,1060
495.18158,1056
495.218,1064
495.25442,1066
495.29084,1062
495.32726,1066
495.36368,1062
495.4001,1044
495.43652,1064
495.47294,1056
495.50936,1060
495.54578,1064
495.5822,1058
495.61862,1060
495.65504,1064
495.69146,1056
495.72788,1062
495.7643,1060
495.80072,1060
495.83714,1066
495.87356,1058
495.90998,1052
495.9464,1066
495.98282,1054
496.01924,1060
496.05566,1066
496.09208,1068
496.1285,1070
496.16492,1058
496.20134,1066
496.23776,1054
496.27418,1060
496.3106,1064
496.34702,1066
496.38344,1062
496.41986,1048
496.45628,1060
496.4927,1054
496.52912,1058
496.56554,1060
496.60196,1068
496.63838,1054
496.6748,1060
496.71122,1070
496.74764,1068
496.78406,1056
496.82048,1070
496.8569,1062
496.89332,1064
496.92974,1054
496.96616,1050
497.00258,1056
497.039,1058
497.07542,1068
497.11184,1070
497.14826,1056
497.18468,1066
497.2211,1064
497.25752,1060
497.29394,1068
497.33036,1062
497.36678,1060
497.4032,1060
497.43962,1058
497.47604,1068
497.51246,1072
497.54888,1060
497.5853,1058
497.62172,1082
497.65814,1058
497.69456,1056
497.73098,1056
497.7674,1060
497.80382,1060
497.84024,1060
497.87666,1062
497.91308,1052
497.9495,1062
497.98592,1046
498.02234,1058
498.05876,1068
498.09518,1054
498.1316,1058
498.16802,1068
498.20444,1056
498.24086,1066
498.27728,1056
498.3137,1076
498.35012,1074
498.38654,1078
498.42296,1060
498.45938,1060
498.4958,1072
498.53222,1074
498.56864,1066
498.60506,1058
498.64148,1056
498.6779,1056
498.71432,1058
498.75074,1066
498.78716,1068
498.82358,1072
498.86,1064
498.89642,1066
498.93284,1060
498.96926,1064
499.00568,1072
499.0421,1068
499.07852,1058
499.11494,1058
499.15136,1064
499.18778,1060
499.2242,1068
499.26062,1064
499.29704,1064
499.33346,1056
499.36988,1060
499.4063,1062
499.44272,1054
499.47914,1058
499.51556,1054
499.55198,1060
499.5884,1060
499.62482,1068
499.66124,1064
499.69766,1056
499.73408,1072
499.7705,1064
499.80692,1060
499.84334,1070
499.87976,1064
499.91618,1072
499.9526,1058
499.98902,1064
500.02544,1054
500.06186,1056
500.09828,1056
500.1347,1074
500.17112,1072
500.20754,1056
500.24396,1056
500.28038,1066
500.3168,1064
500.35322,1062
500.38964,1056
500.42606,1066
500.46248,1072
500.4989,1068
500.53532,1052
500.57174,1072
500.60816,1066
500.64458,1062
500.681,1054
500.71742,1058
500.75384,1070
500.79026,1064
500.82668,1070
500.8631,1058
500.89952,1060
500.93594,1054
500.97236,1068
501.00878,1058
501.0452,1070
501.08162,1072
501.11804,1056
501.15446,1060
501.19088,1068
501.2273,1070
501.26372,1058
501.30014,1060
501.33656,1064
501.37298,1072
501.4094,1072
501.44582,1062
501.48224,1056
501.51866,1062
501.55508,1078
501.5915,1068
501.62792,1060
501.66434,1072
501.70076,1062
501.73718,1068
501.7736,1068
501.81002,1064
501.84644,1066
501.88286,1062
501.91928,1064
501.9557,1072
501.99212,1064
502.02854,1056
502.06496,1062
502.10138,1062
502.1378,1058
502.17422,1068
502.21064,1054
502.24706,1066
502.28348,1080
502.3199,1058
502.35632,1064
502.39274,1054
502.42916,1080
502.46558,1064
502.502,1052
502.53842,1052
502.57484,1064
502.61126,1062
502.64768,1066
502.6841,1078
502.72052,1056
502.75694,1070
502.79336,1058
502.82978,1062
502.8662,1062
502.90262,1062
502.93904,1072
502.97546,1076
503.01188,1068
503.0483,1062
503.08472,1072
503.12114,1066
503.15756,1060
503.19398,1068
503.2304,1052
503.26682,1066
503.30324,1070
503.33966,1062
503.37608,1060
503.4125,1074
503.44892,1066
503.48534,1070
503.52176,1074
503.55818,1066
503.5946,1046
503.63102,1060
503.66744,1060
503.70386,1066
503.74028,1062
503.7767,1068
503.81312,1062
503.84954,1064
503.88596,1060
503.92238,1060
503.9588,1070
503.99522,1068
504.03164,1066
504.06806,1076
504.10448,1060
504.1409,1068
504.17732,1070
504.21374,1068
504.25016,1066
504.28658,1060
504.323,1054
504.35942,1074
504.39584,1062
504.43226,1062
504.46868,1066
504.5051,1068
504.54152,1058
504.57794,1066
504.61436,1054
504.65078,1070
504.6872,1064
504.72362,1070
504.76004,1060
504.79646,1058
504.83288,1056
504.8693,1062
504.90572,1062
504.94214,1066
504.97856,1064
505.01498,1062
505.0514,1056
505.08782,1070
505.12424,1070
505.16066,1060
505.19708,1068
505.2335,1062
505.26992,1070
505.30634,1062
505.34276,1066
505.37918,1072
505.4156,1060
505.45202,1064
505.48844,1062
505.52486,1056
505.56128,1066
505.5977,1074
505.63412,1066
505.67054,1060
505.70696,1068
505.74338,1064
505.7798,1074
505.81622,1054
505.85264,1068
505.88906,1060
505.92548,1064
505.9619,1066
505.99832,1064
506.03474,1070
506.07116,1052
506.10758,1054
506.144,1064
506.18042,1064
506.21684,1078
506.25326,1070
506.28968,1056
506.3261,1066
506.36252,1064
506.39894,1056
506.43536,1052
506.47178,1050
506.5082,1060
506.54462,1068
506.58104,1064
506.61746,1062
506.65388,1068
506.6903,1062
506.72672,1068
506.76314,1076
506.79956,1056
506.83598,1072
506.8724,1068
506.90882,1060
506.94524,1062
506.98166,1066
507.01808,1060
507.0545,1064
507.09092,1062
507.12734,1056
507.16376,1066
507.20018,1058
507.2366,1068
507.27302,1064
507.30944,1064
507.34586,1064
507.38228,1060
507.4187,1058
507.45512,1060
507.49154,1064
507.52796,1064
507.56438,1064
507.6008,1056
507.63722,1062
507.67364,1058
507.71006,1062
507.74648,1060
507.7829,1074
507.81932,1066
507.85574,1070
507.89216,1072
507.92858,1052
507.965,1056
508.00142,1052
508.03784,1056
508.07426,1058
508.11068,1068
508.1471,1060
508.18352,1062
508.21994,1070
508.25636,1058
508.29278,1066
508.3292,1058
508.36562,1066
508.40204,1066
508.43846,1062
508.47488,1064
508.5113,1068
508.54772,1062
508.58414,1052
508.62056,1066
508.65698,1054
508.6934,1054
508.72982,1068
508.76624,1062
508.80266,1066
508.83908,1058
508.8755,1064
508.91192,1056
508.94834,1076
508.98476,1068
509.02118,1072
509.0576,1060
509.09402,1064
509.13044,1054
509.16686,1070
509.20328,1064
509.2397,1074
509.27612,1068
509.31254,1054
509.34896,1062
509.38538,1052
509.4218,1060
509.45822,1074
509.49464,1060
509.53106,1078
509.56748,1062
509.6039,1068
509.64032,1064
509.67674,1058
509.71316,1062
509.74958,1066
509.786,1076
509.82242,1070
509.85884,1052
509.89526,1062
509.93168,1062
509.9681,1068
510.00452,1068
510.04094,1082
510.07736,1056
510.11378,1064
510.1502,1066
510.18662,1056
510.22304,1064
510.25946,1066
510.29588,1064
510.3323,1066
510.36872,1070
510.40514,1072
510.44156,1064
510.47798,1056
510.5144,1062
510.55082,1070
510.58724,1060
510.62366,1062
510.66008,1068
510.6965,1062
510.73292,1054
510.76934,1062
510.80576,1060
510.84218,1066
510.8786,1052
510.91502,1056
510.95144,1064
510.98786,1054
511.02428,1064
511.0607,1052
511.09712,1078
511.13354,1068
511.16996,1066
511.20638,1060
511.2428,1060
511.27922,1058
511.31564,1062
511.35206,1066
511.38848,1072
511.4249,1070
511.46132,1060
511.49774,1066
511.53416,1058
511.57058,1070
511.607,1062
511.64342,1058
511.67984,1060
511.71626,1056
511.75268,1056
511.7891,1058
511.82552,1060
511.86194,1062
511.89836,1058
511.93478,1068
511.9712,1058
512.00762,1058
512.04404,1070
512.08046,1064
512.11688,1056
512.1533,1048
512.18972,1060
512.22614,1066
512.26256,1056
512.29898,1062
512.3354,1060
512.37182,1066
512.40824,1064
512.44466,1068
512.48108,1064
512.5175,1066
512.55392,1072
512.59034,1058
512.62676,1058
512.66318,1066
512.6996,1060
512.73602,1062
512.77244,1062
512.80886,1054
512.84528,1060
512.8817,1054
512.91812,1066
512.95454,1056
512.99096,1062
513.02738,1066
513.0638,1074
513.10022,1052
513.13664,1068
513.17306,1058
513.20948,1060
513.2459,1062
513.28232,1060
513.31874,1060
513.35516,1064
513.39158,1066
513.428,1056
513.46442,1056
513.50084,1054
513.53726,1068
513.57368,1064
513.6101,1062
513.64652,1068
513.68294,1068
513.71936,1056
513.75578,1060
513.7922,1058
513.82862,1058
513.86504,1058
513.90146,1066
513.93788,1052
513.9743,1068
514.01072,1062
514.04714,1068
514.08356,1064
514.11998,1066
514.1564,1076
514.19282,1066
514.22924,1084
514.26566,1064
514.30208,1056
514.3385,1064
514.37492,1072
514.41134,1062
514.44776,1060
514.48418,1058
514.5206,1056
514.55702,1068
514.59344,1060
514.62986,1062
514.66628,1062
514.7027,1066
514.73912,1048
514.77554,1058
514.81196,1066
514.84838,1066
514.8848,1072
514.92122,1066
514.95764,1064
514.99406,1056
515.03048,1056
515.0669,1054
515.10332,1058
515.13974,1066
515.17616,1056
515.21258,1060
515.249,1062
515.28542,1050
515.32184,1052
515.35826,1058
515.39468,1058
515.4311,1058
515.46752,1072
515.50394,1070
515.54036,1058
515.57678,1070
515.6132,1058
515.64962,1062
515.68604,1064
515.72246,1062
515.75888,1064
515.7953,1056
515.83172,1056
515.86814,1062
515.90456,1070
515.94098,1058
515.9774,1060
516.01382,1062
516.05024,1052
516.08666,1060
516.12308,1060
516.1595,1050
516.19592,1052
516.23234,1056
516.26876,1056
516.30518,1064
516.3416,1060
516.37802,1048
516.41444,1058
516.45086,1052
516.48728,1056
516.5237,1054
516.56012,1058
516.59654,1070
516.63296,1058
516.66938,1044
516.7058,1060
516.74222,1058
516.77864,1052
516.81506,1058
516.85148,1048
516.8879,1052
516.92432,1056
516.96074,1060
516.99716,1058
517.03358,1052
517.07,1066
517.10642,1064
517.14284,1064
517.17926,1054
517.21568,1054
517.2521,1054
517.28852,1046
517.32494,1066
517.36136,1064
517.39778,1052
517.4342,1064
517.47062,1054
517.50704,1062
517.54346,1066
517.57988,1062
517.6163,1062
517.65272,1062
517.68914,1054
517.72556,1054
517.76198,1072
517.7984,1062
517.83482,1060
517.87124,1054
517.90766,1062
517.94408,1058
517.9805,1060
518.01692,1046
518.05334,1058
518.08976,1058
518.12618,1056
518.1626,1062
518.19902,1062
518.23544,1060
518.27186,1050
518.30828,1056
518.3447,1066
518.38112,1058
518.41754,1052
518.45396,1060
518.49038,1046
518.5268,1050
518.56322,1064
518.59964,1062
518.63606,1062
518.67248,1050
518.7089,1052
518.74532,1056
518.78174,1060
518.81816,1054
518.85458,1052
518.891,1056
518.92742,1052
518.96384,1062
519.00026,1040
519.03668,1052
519.0731,1056
519.10952,1052
519.14594,1066
519.18236,1056
519.21878,1056
519.2552,1072
519.29162,1054
519.32804,1060
519.36446,1052
519.40088,1060
519.4373,1056
519.47372,1060
519.51014,1072
519.54656,1062
519.58298,1056
519.6194,1060
519.65582,1056
519.69224,1062
519.72866,1060
519.76508,1060
519.8015,1050
519.83792,1054
519.87434,1062
519.91076,1058
519.94718,1048
519.9836,1060
520.02002,1064
520.05644,1054
520.09286,1054
520.12928,1060
520.1657,1062
520.20212,1052
520.23854,1052
520.27496,1058
520.31138,1062
520.3478,1068
520.38422,1048
520.42064,1058
520.45706,1050
520.49348,1056
520.5299,1046
520.56632,1060
520.60274,1048
520.63916,1056
520.67558,1056
520.712,1048
520.74842,1056
520.78484,1058
520.82126,1058
520.85768,1062
520.8941,1058
520.93052,1060
520.96694,1056
521.00336,1058
521.03978,1056
521.0762,1060
521.11262,1062
521.14904,1058
521.18546,1068
521.22188,1064
521.2583,1050
521.29472,1050
521.33114,1046
521.36756,1062
521.40398,1052
521.4404,1056
521.47682,1052
521.51324,1050
521.54966,1048
521.58608,1054
521.6225,1054
521.65892,1054
521.69534,1044
521.73176,1056
521.76818,1058
521.8046,1052
521.84102,1050
521.87744,1056
521.91386,1050
521.95028,1050
521.9867,1050
522.02312,1046
522.05954,1056
522.09596,1054
522.13238,1054
522.1688,1060
522.20522,1050
522.24164,1052
522.27806,1058
522.31448,1046
522.3509,1044
522.38732,1054
522.42374,1068
522.46016,1056
522.49658,1050
522.533,1050
522.56942,1056
522.60584,1052
522.64226,1054
522.67868,1044
522.7151,1056
522.75152,1052
522.78794,1050
522.82436,1050
522.86078,1056
522.8972,1054
522.93362,1048
522.97004,1050
523.00646,1054
523.04288,1064
523.0793,1058
523.11572,1064
523.15214,1048
523.18856,1064
523.22498,1056
523.2614,1054
523.29782,1056
